,0,1
0,-9.834438,2.6818814
1,3.4722993,-4.332513
2,2.4560468,-1.733766
3,2.7042332,-0.58651346
4,3.3106718,-2.2019928
5,0.6146094,-0.13085191
6,0.65552944,2.5923905
7,3.7893195,-3.8247762
8,5.912004,-4.3994904
9,5.1966867,-4.10646
10,5.5200734,-3.6428843
11,3.4739356,-4.191378
12,5.7184963,-5.241514
13,3.1443584,-2.5494726
14,5.609264,-4.9650235
15,2.976856,-3.8995554
16,3.5584507,-1.6625948
17,2.869961,-1.6097101
18,4.2815123,-0.02860831
19,3.2001343,-4.1588225
20,3.7989268,-1.958065
21,1.1102513,1.0087692
22,3.4162934,-4.461266
23,6.5714626,-4.4020743
24,3.5236409,-2.1265843
25,2.3658888,-2.6890452
26,3.7407095,-1.6435887
27,2.9720254,-0.5178445
28,3.5770864,-4.394738
29,0.04504579,-0.10321775
30,5.9575887,-4.159768
31,2.62777,-3.3800251
32,5.7803607,-3.5322618
33,3.8725252,-1.6453326
34,-0.43519032,0.8215125
35,-1.7711855,2.0094
36,-2.0378778,1.8312664
37,0.50563335,1.6597586
38,1.385425,-1.005898
39,3.4709628,-1.655015
40,2.5879986,0.13368343
41,3.1014762,0.025693811
42,4.308239,-3.972048
43,2.6223326,0.26468265
44,3.2756596,-1.3940028
45,5.708122,-5.0501
46,5.675237,-2.862206
47,5.418326,-3.0971873
48,6.353089,-4.2002964
49,3.4340262,-0.6759713
50,5.6671305,-5.31131
51,3.9976208,-1.8673769
52,5.4330277,-4.038919
53,1.6450958,0.34748366
54,2.0278885,-2.4462428
55,4.008479,-4.271673
56,5.8264275,-4.6195636
57,5.5802817,-4.862921
58,5.1956835,-3.3654795
59,6.4051037,-4.443933
60,5.655944,-4.480876
61,5.6691437,-3.5734336
62,1.599771,-0.88654876
63,2.7823668,-0.7023181
64,5.6286235,-5.3363833
65,4.5089192,-2.9825134
66,3.1789896,-2.842382
67,1.4324826,-0.3866121
68,3.5371723,-1.6735498
69,3.3153477,-4.348712
70,4.006238,-2.9422388
71,3.556298,-3.7697837
72,1.5158015,-1.0003209
73,2.4882607,-2.6079648
74,-2.6773467,3.0789924
75,-0.8962859,2.4455953
76,3.7290475,-2.3691227
77,2.6638737,-2.0633137
78,-1.9359524,1.2004632
79,3.4817922,-4.464695
80,1.3945203,1.1359932
81,5.3428326,-2.2116632
82,3.4048936,-3.7609725
83,3.8783722,-4.50892
84,1.7460715,0.96632546
85,1.9783669,-0.17380656
86,5.2596064,-4.3638043
87,4.4987097,-4.1215672
88,3.2416744,-2.9017818
89,5.973869,-4.739964
90,2.0373962,-0.28046215
91,4.0968,-2.7764266
92,4.4955063,-3.7893937
93,4.038233,-3.675278
94,2.0625021,-0.9153612
95,3.0403798,-3.8184094
96,3.6824753,-4.5143175
97,3.6596143,-3.88273
98,5.6996217,-5.143631
99,4.933683,-3.1931052
100,5.8133082,-5.2607603
101,3.1480076,-1.8068385
102,2.6341538,-0.67159504
103,-3.850297,2.7011533
104,-5.29881,2.5592887
105,-0.565157,0.11787407
106,0.579642,2.749214
107,3.4169471,-0.9850069
108,4.0228114,0.4345765
109,4.0476007,-1.4522527
110,0.55834067,2.0947928
111,2.9903145,-2.496054
112,-3.3553023,2.6297398
113,-0.20239595,3.3172708
114,5.8020906,-5.1834745
115,0.6838417,1.2741978
116,2.8034232,-4.0260396
117,1.5731939,-3.1397445
118,1.2893378,-2.2482193
119,-1.4817677,2.5766177
120,-2.565818,1.5016255
121,1.5846672,-2.635753
122,-1.4065534,2.2859085
123,2.4461293,-1.2429105
124,5.843281,-4.6271276
125,1.8340355,-2.8488684
126,3.2299492,-4.1009307
127,5.8252063,-5.2852287
128,4.8851886,-2.494243
129,3.9570944,-3.9381871
130,-0.9203947,2.393303
131,5.407211,-3.1637943
132,5.2087436,-4.434601
133,3.9903507,-4.279957
134,6.480419,-4.457137
135,6.2997856,-4.108378
136,5.514593,-4.741457
137,5.778584,-3.696028
138,-0.5126505,0.63206536
139,1.6399554,1.047997
140,2.5908709,-0.9497902
141,4.8860645,-2.4299643
142,1.9772707,0.029512003
143,3.2259514,-4.1032605
144,3.9587588,-4.132127
145,-0.40595406,0.81156224
146,0.3861073,0.98528147
147,2.2096958,-3.084048
148,0.4904897,-2.3628168
149,3.5265713,0.15576257
150,3.8568022,-4.0079827
151,4.1541142,-3.6302056
152,5.129547,-3.3569906
153,5.1242266,-3.799273
154,4.252356,-3.7991493
155,1.5698594,-0.56910676
156,5.293772,-4.3500066
157,4.075347,-3.7806137
158,0.41824,0.47845966
159,2.399305,-1.3847513
160,4.67133,-1.6273214
161,2.3165097,-2.9405835
162,5.1345415,-2.90825
163,3.8627226,-2.0858352
164,4.327729,-3.2433286
165,5.5997424,-4.349995
166,5.853533,-4.0022306
167,2.8424137,0.47733933
168,6.0984025,-4.369986
169,5.790089,-5.348975
170,5.635696,-5.150789
171,5.532934,-3.6807706
172,5.7067504,-5.233006
173,5.656315,-5.0301147
174,3.6249223,-4.6626797
175,5.3673477,-4.196566
176,3.6681454,-4.200022
177,5.7442355,-3.0625608
178,6.470335,-4.453049
179,6.000577,-4.0292335
180,6.1161823,-4.453603
181,3.4711044,-4.487245
182,5.6607995,-4.2556524
183,6.1122017,-4.0751386
184,3.7574356,-1.3000469
185,6.462085,-3.7709966
186,3.1920424,-4.1247053
187,6.1803665,-4.7688675
188,4.7341866,-3.219443
189,5.5984764,-4.428005
190,5.879234,-4.5838265
191,5.6941557,-5.0966463
192,5.951025,-4.251485
193,5.3718734,-3.8644128
194,5.6461754,-4.7424107
195,3.8327882,-4.3491545
196,4.373629,-4.0679245
197,6.3539057,-4.0674396
198,5.586946,-4.5381274
199,5.876853,-5.169861
200,4.8213143,-3.8120224
201,3.6167543,-2.0597317
202,6.477649,-3.0647266
203,5.3544827,-4.3286333
204,4.311682,-4.0343547
205,4.3893113,-4.149652
206,3.9625437,-0.90716726
207,5.484287,-2.2511394
208,5.0811734,-4.29138
209,5.6892715,-3.5671718
210,3.8248718,-4.3005915
211,6.224729,-3.726024
212,4.6101775,-0.75972223
213,6.6606464,-3.287847
214,2.816066,-1.0142543
215,4.6068473,-2.1970394
216,3.5623546,-4.197546
217,2.9935212,0.94184375
218,2.5367582,-2.6787083
219,1.8222077,0.25132516
220,2.8499134,-1.5118072
221,5.3189754,-2.3724306
222,1.6945812,-3.0814478
223,3.6557202,-4.4509873
224,4.997054,-2.4546368
225,1.4836664,1.2509258
226,2.3290884,-2.060787
227,3.1232433,-1.6755162
228,5.152299,-3.4349928
229,2.838249,0.05627592
230,3.1326318,-1.8117595
231,-0.43793494,0.8938321
232,2.5517097,-1.4214141
233,2.3736167,-1.8538995
234,4.845408,-3.1854389
235,0.39351392,-0.50066847
236,2.510356,0.8321602
237,1.9834527,-3.0974767
238,6.1290007,-3.4823072
239,3.3420506,-2.2510207
240,0.027743606,0.41832402
241,3.1929739,-1.7673017
242,2.5740695,-3.8803573
243,-0.22195135,-2.0947535
244,1.6710149,-0.12593995
245,0.081598826,-2.5378535
246,2.1099782,-3.774523
247,-8.415381,2.392953
248,3.0981863,-2.8065948
249,2.1864984,-1.080061
250,3.8104181,-1.0532166
251,5.9508758,-3.9819698
252,1.5062191,-0.39465475
253,2.9689174,-2.388759
254,-1.2750611,1.5854222
255,2.3383796,-2.639903
256,4.6360073,-0.48730436
257,1.8915536,-3.3922653
258,1.1198955,-3.367794
259,-0.13023837,-1.9769596
260,-0.12967227,-2.1187937
261,-2.8651981,0.7976576
262,3.1620936,-2.2570407
263,-3.9242537,1.659061
264,0.07372764,-2.1044486
265,3.5360913,-4.060462
266,-0.023260701,-0.1800143
267,0.19239776,0.21711753
268,1.7316332,-3.6362226
269,1.3675874,-3.6110682
270,1.2656184,-3.2361188
271,0.33698434,-2.819952
272,1.0990926,-3.5203612
273,2.4673975,-3.023249
274,2.547825,-2.9494696
275,3.4766958,-4.427417
276,3.7581577,-3.7561843
277,3.7770424,-2.3290663
278,1.167486,-1.3142284
279,4.373783,-0.36477962
280,1.2759221,-1.3355856
281,1.2178271,-2.2949753
282,1.569457,-3.1494982
283,3.7062948,-3.8402417
284,2.4473195,-2.0707266
285,5.839165,-5.2574644
286,1.2405987,-3.4676857
287,2.9164484,-3.2045867
288,0.30401748,-2.8069782
289,0.41554636,-1.9478209
290,1.4040058,-1.1595483
291,1.6664206,-2.8384402
292,1.7673706,-3.593097
293,4.3591557,-3.9342937
294,0.17904386,-2.7418885
295,2.451336,-2.4639826
296,0.85922474,1.1128172
297,3.593119,-4.3834057
298,2.3529313,-3.168283
299,0.75394773,-1.259282
300,0.2605878,-2.8502157
301,0.303431,-2.7778714
302,1.2032292,-3.530269
303,3.793904,-4.225144
304,0.84894997,-2.8423653
305,1.507353,-3.5303638
306,1.4386909,-3.5295556
307,0.32423094,-2.798281
308,1.8746048,-1.3189625
309,0.31528935,-1.5500433
310,0.37612814,-2.8475888
311,1.576022,-3.5865543
312,0.3547934,-2.1506095
313,0.9250903,-3.3636444
314,-8.253511,2.0651977
315,1.1879916,-3.5568473
316,1.2023319,-3.5316348
317,4.478927,-4.037237
318,5.6725774,-5.3622246
319,1.1889416,-2.829778
320,3.9728923,-4.22021
321,0.99106985,-2.572882
322,0.14859067,-2.6497703
323,0.09303389,-2.6210988
324,2.4815135,-1.3841152
325,0.25367698,-0.3988383
326,0.36619988,-2.8069365
327,1.1802121,-3.1371226
328,0.24591146,-2.7964334
329,0.32694852,-2.2821515
330,2.4673114,-1.4984539
331,1.2014766,-3.249041
332,0.22710852,-2.7922995
333,0.29082027,-2.8303263
334,2.7551706,-2.1779628
335,-0.3405413,-1.0270976
336,-0.23660386,-1.1800691
337,4.6230483,-2.326033
338,-0.08366627,-1.7081679
339,0.49235654,-1.3902131
340,1.398266,-3.511156
341,2.147618,-2.1896255
342,0.60373837,-1.2636852
343,0.41472188,-2.4796653
344,1.51023,-3.438615
345,1.8072838,-2.861727
346,1.5041258,-3.5064259
347,1.9763907,-3.5528433
348,1.8415024,-2.3586302
349,0.99847484,-1.0278443
350,1.456863,-2.6993442
351,0.045343645,-0.28163207
352,-3.7971764,3.1089835
353,-1.6320721,1.2134949
354,1.8769212,-2.864046
355,0.38553053,-1.3632373
356,3.3238645,-0.7888914
357,5.7560434,-5.1222515
358,-0.18205863,-1.5885227
359,3.6798093,-1.6298615
360,-2.3245475,0.95554507
361,0.13944012,0.2487494
362,0.7959001,0.7655735
363,0.33535826,0.85036474
364,-0.0013238773,3.0429387
365,3.3718803,-0.920073
366,2.3575013,0.84705454
367,3.1104462,-2.553995
368,-3.7981212,2.7389889
369,-0.14123389,0.5788826
370,-0.114226215,-0.514771
371,3.13115,-0.6012672
372,3.319218,-1.2176714
373,0.1555208,0.34031078
374,-1.9857706,2.0517008
375,-3.1329796,2.911657
376,0.5271123,1.258379
377,-3.091442,2.361665
378,4.292651,-3.2211065
379,1.7919092,0.20086329
380,2.9406924,-1.9094694
381,4.5568914,-3.0141776
382,3.7511947,-3.4042435
383,-3.0564327,2.3001382
384,0.67657,0.13926335
385,2.3080678,-3.1412678
386,1.9091033,0.9737533
387,3.6896863,-0.7907182
388,-1.1232888,1.8082471
389,3.0126855,-1.4757156
390,-2.5757449,3.055003
391,0.9810935,1.3754668
392,3.3467042,-2.8996005
393,3.0883482,-2.6658726
394,1.7575004,-0.9788263
395,-0.5041169,0.95155567
396,1.6083791,1.3761848
397,0.17591421,0.5017967
398,-2.5552459,2.526589
399,3.471794,-1.7649318
400,2.495201,0.6600022
401,0.78192055,1.512204
402,2.8380034,-2.821381
403,3.6264312,-2.4981828
404,4.6555185,-2.6227994
405,1.6292803,-2.481236
406,-1.1974925,1.3275274
407,-0.5138648,0.82397807
408,5.8700027,-5.30088
409,1.9473191,-0.24048616
410,2.0796752,-1.0044866
411,1.6468928,-0.033653155
412,-0.70473576,1.5147046
413,-1.3024188,1.0673989
414,5.4570293,-2.7210429
415,1.2511264,1.4249765
416,5.1680326,-2.6315043
417,2.4221954,-0.106924355
418,3.2212226,-2.930685
419,3.7149265,-3.0762656
420,3.699769,-2.4733534
421,3.7075462,-2.4951177
422,2.265999,0.7304481
423,4.388838,-4.2323833
424,-6.1774473,2.6068618
425,4.602425,-3.3833525
426,0.67488766,0.41288626
427,6.2747564,-4.7004576
428,5.8455744,-4.263892
429,5.6353703,-4.398386
430,4.263676,-4.289229
431,3.1651304,-2.3296356
432,4.9226866,-3.6745744
433,4.16566,-3.873744
434,4.4581604,-4.0738983
435,5.4150276,-4.7732787
436,4.0827374,-3.1624362
437,-7.122995,2.2387042
438,-6.6903267,3.1052077
439,-6.9074397,2.1848571
440,-4.7767224,2.7481124
441,0.1030973,-0.15003996
442,-6.5474052,2.616069
443,5.2745137,-3.6699038
444,2.9455159,0.22751361
445,4.110202,-0.5010015
446,-0.20182279,0.70804036
447,3.8259442,-1.7093484
448,2.8082292,-2.1570857
449,2.0466719,-0.32959422
450,-0.249584,1.9250678
451,3.0794177,-2.1116064
452,0.23794404,-0.10531894
453,-2.415153,2.7929473
454,2.196749,0.40237156
455,3.3148897,-1.2964853
456,-1.732696,0.91330075
457,-3.5761006,1.1842574
458,1.3586631,-1.6729661
459,3.666306,-3.925805
460,2.693352,-0.61436266
461,3.850845,-1.5781628
462,5.272721,-3.2345324
463,5.7862244,-3.763887
464,4.585034,-2.3124926
465,4.32955,-2.4081893
466,4.7636366,-2.69992
467,4.3960934,-3.8880446
468,3.5308309,-0.863422
469,5.0914884,-3.5190547
470,3.6073015,-2.3684323
471,2.2669983,-3.111707
472,1.3728886,-1.0343856
473,2.8826203,0.20825583
474,6.5186467,-4.3632784
475,4.518262,-3.8363845
476,0.43776324,-0.34389767
477,1.4377111,1.79552
478,6.602217,-3.2467809
479,6.6586776,-3.301666
480,6.6501536,-3.3646498
481,0.46163526,3.014678
482,6.523857,-3.2522504
483,6.63614,-3.4944324
484,6.563625,-3.482586
485,4.883572,-3.3787053
486,5.987834,-3.0643122
487,6.090897,-4.297379
488,5.4982185,-4.4328885
489,6.41567,-4.355713
490,6.2857385,-4.049187
491,4.521309,-3.2193537
492,5.570661,-3.0471087
493,6.5188246,-4.377014
494,5.874051,-4.3416233
495,5.045347,-2.3815823
496,5.543148,-4.948619
497,5.919478,-3.8088605
498,5.691497,-4.929861
499,5.6594343,-4.6380577
500,4.7907596,-2.4542146
501,4.720652,-1.6094836
502,5.6804743,-2.6035435
503,4.8323207,-2.9238687
504,5.54287,-3.4956722
505,6.1402225,-3.621843
506,5.7174273,-3.4929745
507,5.44494,-3.5960405
508,3.2668648,-3.117157
509,4.780148,-3.4230924
510,5.124716,-4.359758
511,6.482717,-4.484796
512,6.501451,-4.383094
513,5.884958,-5.1791873
514,5.595033,-4.0211596
515,5.597705,-5.3292255
516,5.475973,-4.7277966
517,5.3841367,-3.7524834
518,5.293269,-3.4300737
519,5.63076,-4.3912187
520,4.0294867,-4.551032
521,4.968313,-3.9868033
522,5.3170366,-3.1370957
523,5.589086,-4.3715363
524,5.59846,-4.252716
525,6.3042936,-3.9977756
526,5.1880493,-3.1843035
527,5.3682394,-4.3641005
528,6.3047047,-4.12745
529,5.6633763,-3.6221123
530,6.4244676,-3.3454254
531,5.754851,-3.8128986
532,3.451209,-1.9521513
533,2.9231474,0.50589776
534,2.959873,0.41941556
535,1.9561166,-0.97402877
536,4.739201,-0.95651567
537,5.213688,-3.6160107
538,0.58508193,-2.8192804
539,-0.37316078,-1.5180777
540,-0.16546822,0.67122763
541,1.0358196,0.18223307
542,-0.5416043,0.9043758
543,3.8996136,-0.36585417
544,2.5981789,-1.9328349
545,-3.8865566,2.645345
546,1.1844935,-1.4216052
547,2.5751615,-2.6233752
548,-3.7145658,3.0321057
549,3.9955285,-1.8900528
550,2.2710505,-2.1047423
551,-1.4467456,1.753613
552,2.5397666,0.42939118
553,3.5149727,-0.14212587
554,1.3000181,0.26113918
555,-5.1729817,2.94838
556,-0.4587184,2.6342647
557,4.0554113,-2.283106
558,5.2969847,-3.1623514
559,2.2014396,-1.8155714
560,0.6532955,0.9565158
561,2.9429028,-0.20736869
562,2.7356212,-1.960409
563,-1.7346302,0.9474458
564,-3.6707513,3.0137117
565,1.1133608,1.4578524
566,3.8465977,-2.659885
567,1.5590669,0.34321305
568,3.7055316,-2.5701687
569,0.4674812,0.98190385
570,1.4622269,0.329682
571,-0.9964124,1.4255816
572,0.2694237,0.23086043
573,3.2450604,0.5146946
574,-3.608622,2.1227868
575,-0.24112599,1.8481064
576,2.421899,-0.3434002
577,-2.6995788,2.7796197
578,3.0064294,-0.5182336
579,0.9530208,0.6078764
580,3.608126,-1.8747163
581,3.4312038,-0.7186698
582,5.056868,-2.4596293
583,1.8319938,-0.013129886
584,4.7560625,-2.3219495
585,-1.9422646,2.7812846
586,-0.23348194,1.8797208
587,0.3898995,1.7367281
588,2.929709,-3.8160772
589,3.8076642,-4.2855053
590,-3.9431098,3.0961611
591,2.4710052,-2.8784714
592,-2.236306,2.7759905
593,4.017824,0.32234976
594,-6.916781,3.1768203
595,0.58433473,-0.32529125
596,2.3413672,-2.030408
597,1.3813074,-1.4073116
598,-6.8274117,2.39238
599,-9.545529,2.675465
600,-6.73766,2.739489
601,3.2178638,0.34203672
602,4.18156,-1.9057212
603,6.5026264,-4.4689007
604,4.9097085,-4.034916
605,1.8937535,1.7327757
606,5.88143,-4.093349
607,5.2385097,-4.3994255
608,4.6407404,-3.448942
609,4.4035563,-1.0644202
610,5.1578503,-2.516609
611,6.352177,-3.4869082
612,5.26397,-2.485528
613,6.0614004,-3.0498583
614,4.099375,-2.8510509
615,5.5900297,-2.7111125
616,4.837465,-0.18276198
617,4.467157,-3.6280158
618,3.40574,-0.44308984
619,2.0606127,0.37222248
620,1.4139066,-0.84606874
621,0.31804755,1.9171491
622,3.7250497,-0.43268365
623,0.9423823,1.8227441
624,0.33567572,1.3598164
625,3.3168404,-1.517747
626,-1.7030276,2.7889385
627,2.086566,-0.36199573
628,2.1259592,-2.9454281
629,2.8310287,-1.1765931
630,2.560822,-0.2724154
631,4.7807827,-2.806959
632,4.2199497,-3.6491299
633,5.229882,-3.3727193
634,4.180927,-1.7156022
635,1.4032016,0.8449654
636,3.8348544,-0.70749474
637,2.7977083,0.6798512
638,5.3573594,-2.587657
639,5.3359127,-2.6429453
640,4.3954835,0.011314717
641,6.596139,-3.429333
642,4.8559947,-0.37430114
643,-6.9104843,3.1155157
644,4.6133575,-0.035209447
645,3.6253576,0.0803224
646,4.4255385,-0.8615579
647,6.208863,-3.5793426
648,5.9201145,-3.841914
649,2.4888191,1.5239342
650,5.232452,-3.1397264
651,6.018898,-3.215964
652,5.6876225,-3.0199778
653,6.004286,-3.2334542
654,6.5594945,-4.3526087
655,4.9226203,-3.2968109
656,5.4997377,-4.465108
657,6.5082507,-4.389072
658,2.8131213,-2.0601232
659,4.2274776,-4.2964997
660,5.012211,-3.2427073
661,6.4954867,-4.385649
662,2.768271,-1.7470592
663,5.303422,-3.9224794
664,4.7520547,-0.11261571
665,0.24538332,0.051841192
666,-2.2418036,3.0799806
667,-0.53988147,2.1030288
668,-2.864855,2.8693156
669,-6.1233573,2.8670976
670,2.6613803,0.10986043
671,4.8526106,-2.1990514
672,0.06100654,0.5474771
673,4.030549,-1.8677492
674,0.9295751,2.0437026
675,4.7972264,-0.43197396
676,2.4401388,-2.3601859
677,-1.6674118,2.5890508
678,-0.035833832,-2.283919
679,2.4033513,1.5669188
680,-2.953524,0.9126685
681,-2.843282,0.8556673
682,0.26040563,-2.3324866
683,-0.23038852,-1.4556531
684,3.483046,-4.0646224
685,1.9590174,-2.4183965
686,4.806277,-2.1428273
687,-3.157984,0.9268764
688,-3.4093199,1.0826894
689,0.38092858,-2.2642133
690,1.1280595,-3.185467
691,2.1314437,-2.4019823
692,2.6064003,-3.0030937
693,4.76251,-3.2528641
694,5.976027,-3.7938597
695,-0.07691989,1.7309356
696,2.4819024,-1.4069844
697,4.4075537,-1.5503963
698,4.180349,-0.5219651
699,3.3437846,-3.1348484
700,-0.013315798,0.8609343
701,5.9414825,-4.5144053
702,3.1583061,-0.52151006
703,2.7557786,-0.652382
704,3.0276897,-0.45538703
705,5.653601,-4.161544
706,-2.5873778,2.954177
707,4.889681,-4.237649
708,4.744278,-1.156188
709,5.200104,-4.2805095
710,5.0769496,-2.6420827
711,-9.9283,2.6656456
712,2.077718,-0.2590221
713,3.206366,-2.8338895
714,3.8940492,-1.8333683
715,4.4512725,0.11458544
716,2.6584206,0.6062164
717,0.04389588,-0.15579072
718,4.903397,-2.5810432
719,-0.42520806,0.70738906
720,3.4266684,-0.025928946
721,3.3982732,-0.6667228
722,2.0742898,0.8166564
723,2.0784168,0.86139673
724,4.649371,-1.8563172
725,-0.4372728,0.9418305
726,-0.26952013,0.41971162
727,3.7592394,-1.24367
728,1.941357,0.8639122
729,3.094278,-1.8482031
730,3.9390824,-0.21664266
731,2.1546078,-1.0304145
732,3.658296,-2.745034
733,3.9698277,-0.7131493
734,0.99352586,1.8068507
735,4.486315,-3.7407188
736,4.6786237,-4.21466
737,1.9188466,1.5429794
738,-0.2089482,1.4882013
739,2.836005,-1.7843298
740,2.772472,-2.0619254
741,3.1303563,-1.3212931
742,2.0773003,-2.9399297
743,-2.4549625,2.6386173
744,2.3275023,-2.7968643
745,3.5858934,-0.4067168
746,3.1531456,-3.1516838
747,3.9705856,-0.8240611
748,0.2035667,-2.6957877
749,0.613946,-2.2240233
750,1.2798928,-3.359739
751,1.4226471,-2.8939736
752,0.9325982,-2.2910564
753,3.1071305,0.9251601
754,1.3927687,-2.823535
755,3.7021353,-0.68706787
756,1.1920512,0.20087412
757,-3.241659,2.5115387
758,-5.130039,2.6519701
759,-3.7881153,2.7125492
760,0.88071746,1.3326967
761,0.93909323,-0.071021274
762,2.508871,-2.5859275
763,2.5297441,-2.3569553
764,1.8487688,-0.07964042
765,0.7299012,2.4616032
766,2.0972238,0.4720092
767,-3.777866,2.9343512
768,2.1004837,-0.53026015
769,-1.6270179,1.1976343
770,4.446557,-0.375803
771,-0.24731342,1.4861771
772,2.233214,1.3491033
773,1.0619186,1.1440113
774,1.7164663,0.31524327
775,1.0595282,1.3133713
776,1.4859842,0.7616159
777,-4.7939796,2.6726215
778,4.3787704,-2.4873445
779,-0.290109,0.7348333
780,2.0363984,0.20533487
781,2.5129924,-1.6207182
782,-2.3820736,3.1572568
783,0.5609959,0.38350743
784,-8.006139,2.395515
785,0.8346048,2.4869485
786,-1.9093583,1.9107897
787,2.9794443,0.5668312
788,-7.8147535,2.083879
789,4.682359,-1.6660455
790,1.66207,1.0051728
791,-3.7627013,2.8879304
792,5.84796,-3.0088828
793,3.3785915,0.3715223
794,2.8041384,-2.1799612
795,-1.446064,2.0416253
796,2.0533838,-0.19515777
797,3.5450678,-0.08367582
798,0.8594238,1.734775
799,-0.08591605,1.2632419
800,0.6730453,-0.26755378
801,1.0008566,1.8465104
802,0.28723374,0.6821918
803,-2.4905806,2.6702094
804,2.4650722,-0.46107867
805,5.031101,-2.913785
806,4.668171,-2.8951693
807,-2.8292606,3.109992
808,0.2930789,0.27943623
809,1.464088,-0.48386565
810,1.8786646,0.18262099
811,6.1124096,-4.7390847
812,2.2043345,0.16371919
813,3.7807035,-4.131226
814,-5.137523,2.9071245
815,1.366955,-1.373486
816,-2.5083454,1.3420396
817,-3.0454078,2.385249
818,1.6909212,1.2129691
819,0.3457296,0.02933483
820,0.32326925,-0.39359108
821,0.20451213,0.70007384
822,-6.307655,3.1941822
823,1.545331,0.15975843
824,0.39061135,0.36738062
825,2.1322649,-0.2658538
826,-0.15295282,0.83468026
827,-1.4747968,0.79944116
828,-1.1534055,1.3320203
829,-0.89553,1.5996251
830,-9.8326645,2.6034014
831,-0.8713474,2.0090835
832,-1.876959,2.7242818
833,1.8957732,-0.00054256915
834,-2.5812714,1.5321467
835,4.6824474,-0.10054514
836,4.269924,-0.020252787
837,5.593965,-3.7205188
838,-7.0865955,2.365932
839,-6.025201,2.5569358
840,0.45632416,-0.62151265
841,0.28203037,0.5528673
842,0.8640195,1.8484671
843,0.8297178,1.9053248
844,2.9646056,-0.7888999
845,2.7429118,-2.6325483
846,1.2176971,-1.1964216
847,4.142457,-3.8749366
848,2.4789302,0.9241275
849,0.91331214,1.667199
850,-2.6852431,3.056061
851,0.5756943,2.5519068
852,-8.817509,2.5792396
853,5.3797283,-3.143238
854,4.6643095,-0.8406798
855,5.2705984,-3.32425
856,4.7604933,-0.57282585
857,-6.559858,3.0980473
858,-8.554354,2.628825
859,-3.2236304,2.4277859
860,-1.7071564,2.759901
861,-9.102358,2.6935627
862,-7.763572,2.9210453
863,-0.06153942,3.327371
864,0.21473494,2.845079
865,-0.17155284,3.3775315
866,2.0735362,0.8113283
867,-7.7109427,2.9616098
868,-7.81397,2.682605
869,0.5338396,0.9807341
870,-5.552891,2.2341225
871,-1.7528359,0.94744396
872,0.45330042,-1.3842288
873,-0.010015928,-1.7135249
874,3.3089516,-0.022421902
875,0.19026084,0.96843725
876,-0.15991123,-1.478043
877,-0.115318015,-1.7136773
878,-0.24029595,-0.94895005
879,0.27572906,-2.7377243
880,0.7070683,-2.02412
881,-0.039955515,-1.5863147
882,3.0643263,-2.3334377
883,-0.9047754,1.5348464
884,-2.1753912,2.4764786
885,-2.1319153,1.3475845
886,1.2291585,-1.3679554
887,3.8289993,-3.5446482
888,0.48390958,-1.9374154
889,0.9574549,-1.0526077
890,-3.293156,1.0450224
891,-3.5744724,1.376878
892,-0.26055261,-1.4829695
893,-0.38418576,-1.4081382
894,-3.364971,2.1298423
895,0.42490923,-2.4372702
896,4.0074253,-3.3494532
897,-8.585135,2.0482848
898,0.7761632,-1.3796656
899,0.57297176,0.13310044
900,4.9821706,-3.0496519
901,-6.1307235,2.2769127
902,1.539013,-2.9330814
903,-2.11514,1.6687703
904,-1.5811579,2.571071
905,0.3236027,-1.9253235
906,-0.25891235,-0.21491088
907,-8.572474,2.4368715
908,-2.8199108,0.86913407
909,1.5312514,-0.065883465
910,-7.1655035,2.1522233
911,-8.954342,2.9209669
912,-5.0331745,2.8028948
913,-8.609185,3.0009184
914,-6.4463596,3.072205
915,-0.14777455,3.315035
916,-2.6321466,3.1237874
917,-6.072529,3.0124886
918,-5.5955606,3.140109
919,4.7593627,-3.7864966
920,-6.4520326,3.035149
921,5.8247457,-3.2576022
922,5.3393273,-3.5482085
923,6.3086185,-4.4353175
924,2.3552835,-1.9917018
925,2.4755454,-2.1247897
926,0.36535951,-0.013781688
927,-5.551262,3.095952
928,1.5740128,-0.7742207
929,-0.40466744,1.0239961
930,0.14170782,0.6885751
931,-2.7039986,1.649989
932,0.7001636,0.089962386
933,-4.9243402,2.782021
934,1.0858899,-1.1551349
935,-7.2577844,2.7862282
936,4.507085,0.08011756
937,1.3709054,-2.8708656
938,-0.18996994,-1.0819097
939,2.359789,-2.830866
940,-1.3697575,2.2785566
941,3.1165407,0.13396397
942,5.2608824,-2.533215
943,3.6445918,-1.9370987
944,1.9441023,0.8586757
945,5.619353,-4.6199293
946,3.2224085,-0.021161275
947,4.547578,-1.8761182
948,-2.2654934,1.2259972
949,3.6715593,-1.2349627
950,1.4025459,0.69580156
951,-1.1818936,2.3226311
952,0.60498005,2.703067
953,0.34200484,2.8811138
954,-7.6326976,3.116129
955,0.30940735,3.0959558
956,4.7961874,-0.14416428
957,-8.504673,2.4612033
958,4.5743933,-0.9896293
959,4.7870445,-1.2093307
960,4.0048532,0.2984276
961,4.5913615,-0.7454186
962,3.1594703,0.41636175
963,4.9020925,-3.7404194
964,4.740019,-0.9846024
965,4.230075,0.05033512
966,5.007674,-4.2890515
967,0.5296557,1.1513262
968,4.610441,-0.82096124
969,3.8430843,-3.5181918
970,4.2505045,0.24307007
971,4.533185,0.090125464
972,0.5879136,2.7712135
973,1.3917061,0.94872934
974,0.66115683,0.80386126
975,1.7444384,-0.4036095
976,-4.36813,2.6575875
977,-0.17610335,0.26993248
978,-1.607617,0.9074414
979,3.234414,-0.8181942
980,3.6589355,0.13105693
981,-6.1359043,2.603127
982,0.4632597,0.57629937
983,-2.2058256,1.0980638
984,0.051403098,-1.7682341
985,1.670908,1.0378255
986,-1.5927436,1.2109982
987,-3.8678932,2.3565547
988,-2.9983993,0.86621886
989,-0.19483024,-0.90158445
990,-0.069630384,-1.2970568
991,-3.5996766,2.2422795
992,-7.2273264,2.225424
993,3.4753437,-0.2525209
994,-7.4827857,2.7484016
995,4.2618346,-1.2846082
996,0.43367994,0.47482532
997,-3.859612,3.0963488
998,-1.0711108,1.9706839
999,-3.7882042,2.9490068
1000,0.4985657,0.43306515
1001,-2.564428,2.3732426
1002,-5.2089996,2.6480138
1003,-3.706452,2.2733517
1004,4.1911793,0.057635214
1005,4.839906,-3.797201
1006,1.3143593,1.1932355
1007,5.704542,-5.0882506
1008,5.180599,-2.1313512
1009,3.0635173,-0.94150174
1010,3.668885,-1.2914115
1011,3.6786315,-0.8988773
1012,4.2030053,-2.4507167
1013,-1.8292472,1.2150984
1014,2.4953344,0.0014251084
1015,1.0392433,0.9754795
1016,2.2342978,-2.8852108
1017,3.8728364,-1.3892452
1018,3.8413982,-0.55926025
1019,4.68941,-3.4085195
1020,4.792569,-0.5250014
1021,5.251477,-2.55262
1022,1.4823973,0.37882867
1023,-4.383089,2.080697
1024,0.64035773,0.09394196
1025,-0.08080431,-1.6875728
1026,-6.9771657,2.3663292
1027,-1.2529347,2.3053799
1028,1.5350171,-0.977261
1029,-4.607354,2.784108
1030,-2.8275259,2.294722
1031,0.89291275,1.7350755
1032,-0.3620487,0.36664715
1033,0.14745817,-0.062317673
1034,-2.3415644,1.9870139
1035,2.9047909,-0.042900868
1036,-1.1078621,1.2583052
1037,-2.1735888,2.1030052
1038,2.2007873,-0.98899376
1039,5.86159,-4.567986
1040,-1.0618689,1.0806388
1041,2.296529,-0.23742685
1042,2.9140491,-1.6859498
1043,2.7041292,0.73818123
1044,2.3619418,0.25138548
1045,1.2555691,1.921004
1046,2.9316,-1.4296471
1047,0.25619936,-0.3300647
1048,1.3811371,-0.5814632
1049,-0.26587707,1.1673814
1050,4.479283,-3.1704268
1051,2.3575854,-1.2891847
1052,-2.1822584,1.618334
1053,1.5161271,-0.82037383
1054,-2.60992,1.4493934
1055,3.0519965,-0.54062927
1056,3.7584326,-2.082743
1057,-2.5523553,2.425791
1058,1.306124,2.0231647
1059,1.0694089,1.0208334
1060,2.4370782,0.2606359
1061,2.632337,-0.53141916
1062,2.4534914,-2.4915779
1063,3.6930945,-1.3076833
1064,1.8657644,1.1113815
1065,4.43905,-0.2642269
1066,0.5439474,2.019321
1067,4.3046803,-2.7898273
1068,4.3210278,0.036989402
1069,1.4858419,1.7405233
1070,4.8907275,-0.36360782
1071,3.0601084,0.676724
1072,-0.27309215,1.7251923
1073,5.2798595,-2.48578
1074,0.66395485,2.5497572
1075,-0.4547012,1.7393272
1076,-2.9738255,2.361232
1077,3.537093,-1.9456669
1078,1.6093297,0.95071125
1079,-1.6018628,2.7236478
1080,-5.425198,2.865399
1081,4.074472,-0.22777097
1082,-2.172903,1.4601614
1083,-4.657708,2.668946
1084,4.735257,-3.5876844
1085,-1.7955736,2.3984628
1086,2.073015,-0.7430789
1087,-3.7829719,2.5091696
1088,-3.6713748,2.9945943
1089,-3.824489,2.5747995
1090,-4.2938046,2.7384095
1091,1.0305804,0.9821377
1092,-5.7091327,3.081851
1093,0.62054443,0.65003586
1094,-3.4875798,1.993076
1095,-1.017883,1.6636788
1096,-8.31196,2.4094567
1097,3.9581347,0.3498469
1098,3.9957702,-2.7537322
1099,3.1851325,0.4174694
1100,1.0082935,2.2406886
1101,4.979177,-3.7563348
1102,-3.6343324,2.4709084
1103,4.489339,-0.36811253
1104,-4.746675,2.898686
1105,0.8628556,-1.0054117
1106,-5.068089,2.3860986
1107,-0.95417535,1.61253
1108,-5.2494574,3.2052746
1109,3.4836068,-0.38419342
1110,0.5851306,1.9497881
1111,-0.1783768,3.3286798
1112,-0.62812823,1.8807458
1113,1.1087841,1.0239952
1114,1.0467576,1.7001612
1115,2.615726,-2.3144946
1116,3.3328679,-0.934494
1117,3.6496413,-0.72928435
1118,4.5246024,-0.5432502
1119,3.9556873,-2.5732982
1120,1.2950917,0.35521805
1121,5.063137,-2.8884056
1122,-1.0533015,2.3573654
1123,0.4574674,1.6303633
1124,4.818318,-1.1990047
1125,5.8503532,-4.4754515
1126,4.467904,-0.36641908
1127,0.81227326,-2.7889798
1128,0.74273825,1.3613676
1129,4.8228645,-3.1114867
1130,-6.3548093,3.0586336
1131,6.166278,-4.398578
1132,2.6337872,0.5160912
1133,1.3215978,1.6172993
1134,3.6507401,-0.76355684
1135,2.433106,0.6698729
1136,2.5831826,-0.9815625
1137,5.947474,-4.0370054
1138,0.2227377,1.9565605
1139,0.109695904,0.45960775
1140,-3.0122242,2.6197631
1141,-1.9571211,3.0193315
1142,5.955551,-3.9282382
1143,6.1995935,-4.5539904
1144,-6.6115212,2.88551
1145,-2.7183747,2.1522071
1146,-3.613083,2.960064
1147,4.86079,-2.9235854
1148,3.8135245,-1.9813211
1149,4.366246,-3.7595649
1150,3.5302086,-0.45718005
1151,-0.98800784,2.0093873
1152,2.922929,-2.0844991
1153,4.4139915,-2.9347742
1154,4.4691224,-3.7851236
1155,0.50797534,2.6765106
1156,-10.018675,2.7543604
1157,0.39274862,0.53205764
1158,0.8160294,2.53469
1159,-0.16548993,3.295586
1160,-1.2757603,2.4381554
1161,-8.674107,2.917226
1162,-9.427933,2.7914593
1163,-2.8186336,1.66573
1164,-5.131465,2.056064
1165,-5.414522,2.6210728
1166,0.47524002,2.7183907
1167,-6.1245837,3.3435855
1168,0.24335411,2.840063
1169,-0.21237029,3.4070451
1170,-0.1559606,3.3582742
1171,-2.2321165,2.8193023
1172,0.8340032,2.217407
1173,-8.054238,2.510159
1174,0.26480916,1.7634804
1175,-3.7002757,1.2630762
1176,3.638531,-3.2613888
1177,-6.9975557,2.3131592
1178,-0.1797317,1.5899348
1179,-3.5913417,2.5859234
1180,-3.06277,2.4991057
1181,-1.4546658,2.467023
1182,-5.863424,2.2498646
1183,-5.741341,3.1443675
1184,-7.894946,2.8209243
1185,-5.9294653,3.096395
1186,-8.430177,2.9466357
1187,3.1827986,-0.016609125
1188,1.3885658,1.3266187
1189,-6.066255,2.6701727
1190,-5.0630527,2.003996
1191,-3.202341,1.1790738
1192,-2.7250185,3.1500432
1193,0.18120284,2.7923524
1194,4.873977,-1.3985618
1195,-1.4167428,2.745283
1196,3.1030126,0.34302786
1197,3.1895769,-2.7507043
1198,-1.2975725,2.6314662
1199,0.47377962,1.534364
1200,5.211211,-3.0661404
1201,-0.745257,1.8476595
1202,5.331215,-2.6016948
1203,6.582844,-3.247623
1204,3.9161692,0.21899402
1205,-5.699729,3.21563
1206,-2.9432867,2.2891865
1207,-2.9213014,3.1191962
1208,0.15877962,2.978826
1209,-2.4867063,1.5166793
1210,-0.44073185,0.59008616
1211,4.5735965,-1.0236533
1212,-3.509439,2.0170813
1213,-6.117081,2.5738122
1214,-4.2501974,2.266069
1215,-3.76766,2.0183241
1216,-0.13197011,2.857523
1217,1.7790781,0.054967724
1218,0.71566397,2.439179
1219,-6.0921865,3.2892032
1220,3.0464172,-2.2195508
1221,2.8812957,-0.4872269
1222,-0.18653312,0.97512937
1223,-6.1216655,3.2850971
1224,-6.438629,3.156069
1225,-6.0528164,3.179491
1226,-1.3754075,2.0983865
1227,-6.7529263,2.9802637
1228,-0.21502103,0.5786095
1229,-2.4038002,3.0302293
1230,-3.825432,3.1144083
1231,1.0928564,1.2956979
1232,-0.22953087,1.899935
1233,-3.7381582,1.4263592
1234,-1.549996,1.3602992
1235,-7.366534,2.0121686
1236,-7.803163,2.038795
1237,-3.4044535,1.091055
1238,-2.4895127,1.0254631
1239,-4.0079155,2.5125346
1240,3.919865,-1.8237898
1241,-5.3131313,2.4813054
1242,-5.004523,2.8014374
1243,-2.7762766,0.92338854
1244,-2.5737367,2.3965693
1245,-0.14148638,3.288585
1246,-8.063928,2.399765
1247,-3.6254723,2.9708
1248,2.4387906,0.48190922
1249,1.2701168,1.5981754
1250,-7.9727917,2.514393
1251,5.977574,-4.7157683
1252,4.503267,-0.59057444
1253,-5.113413,2.6932876
1254,-6.4039283,2.2409322
1255,-3.47289,2.389468
1256,-3.028847,2.930237
1257,-4.880744,3.1056504
1258,-0.4511195,0.82746893
1259,-3.5912087,2.0941894
1260,0.9119674,1.2698226
1261,-5.1130095,2.799952
1262,2.344486,1.5082608
1263,-5.8858204,3.2499118
1264,1.3373425,2.0528915
1265,-0.038188875,-1.3670365
1266,4.606351,-0.63646823
1267,3.205611,0.38352337
1268,3.6362436,0.4544927
1269,-5.3993635,3.1644664
1270,-3.3585124,2.435742
1271,-3.9621994,3.028139
1272,-8.106405,2.5476222
1273,1.352315,0.85230404
1274,-3.1513472,2.8412728
1275,-2.877061,2.9056938
1276,-2.589955,1.5238554
1277,2.67828,-2.1824682
1278,2.441194,-2.4844165
1279,0.3143547,-0.25991815
1280,0.13905148,0.35320684
1281,3.221051,-0.04211523
1282,0.9199439,0.6754065
1283,0.89506954,1.6946079
1284,1.7725732,-0.12208925
1285,3.323486,-0.27602544
1286,5.4524107,-4.2319
1287,-5.6194973,2.9568753
1288,2.7187848,-0.73203087
1289,-4.9275312,2.78617
1290,-4.8984084,2.8406453
1291,-2.3146632,1.6151264
1292,-4.406712,2.0598335
1293,-0.6157665,0.033223987
1294,-3.38744,1.0561575
1295,-3.8182971,1.3863087
1296,-0.13072334,-1.4878589
1297,1.8550714,0.5963515
1298,4.0786376,-1.9168113
1299,4.1856585,-0.01448897
1300,-2.526186,3.0067399
1301,4.4177394,-2.2524533
1302,4.8059945,-3.5602248
1303,-1.1536236,2.6581807
1304,-1.4511685,2.3990645
1305,2.666408,0.4034082
1306,-5.384896,2.999984
1307,-8.801821,2.5985103
1308,-9.842085,2.7571862
1309,-9.935705,2.769254
1310,-1.9870783,2.4884362
1311,0.4548704,1.6036195
1312,3.5007436,0.24946445
1313,5.0581226,-2.5003572
1314,-3.8465323,2.7429852
1315,-0.07877076,0.6725218
1316,-3.2570987,1.1439834
1317,-8.744803,1.9176414
1318,-9.390179,2.8013566
1319,-8.618889,2.9718485
1320,-9.00106,1.161853
1321,-3.92201,2.402729
1322,-5.3750963,3.0471315
1323,-1.616005,2.470099
1324,-0.7768452,1.9479568
1325,-4.3120027,2.1069167
1326,3.4441574,-0.01755229
1327,-0.6311557,1.9180905
1328,5.6545606,-5.0055075
1329,-8.972298,1.260749
1330,-5.5703044,3.0777047
1331,-0.43091896,1.4223088
1332,-0.8792832,1.7659634
1333,3.606375,-0.4348713
1334,-7.4414268,2.0025685
1335,2.3431888,0.55480963
1336,-3.561579,2.0632415
1337,-1.5090083,1.6379781
1338,2.2291064,0.77066725
1339,-8.498781,2.754835
1340,-8.880478,1.5635326
1341,-4.242136,2.1656034
1342,-6.773296,2.403826
1343,-8.996829,1.1799335
1344,-2.1781173,2.3805976
1345,-7.0795,2.5384612
1346,-0.8311062,2.0984237
1347,-6.4949446,3.034649
1348,-8.951891,1.2884747
1349,-9.939295,2.7246273
1350,-6.2621675,2.3582444
1351,0.8281307,1.3944709
1352,-8.997105,1.170406
1353,-6.7086205,2.94252
1354,-5.723697,2.1885142
1355,-2.3289783,1.5622729
1356,-2.7341003,3.1843073
1357,-0.19487676,1.084157
1358,-4.5724893,2.515323
1359,-4.3656726,2.0669184
1360,-2.6470544,2.675804
1361,3.4769368,0.047003727
1362,-2.055646,1.9908376
1363,-4.4172425,2.08192
1364,-8.939861,1.3191863
1365,-8.097987,2.3639073
1366,-9.001447,1.1575224
1367,-7.8237114,3.0242293
1368,-7.0244565,2.8379512
1369,3.5626087,0.14415336
1370,-1.1446382,2.0434833
1371,-6.6732144,2.3861973
1372,4.126136,-0.72831684
1373,-8.994763,1.1794585
1374,-5.3188787,2.1395128
1375,5.319961,-4.411234
1376,-4.8302364,2.6882374
1377,3.7865937,-1.7701001
1378,3.921093,0.4313134
1379,1.3306841,1.9728091
1380,-1.3956676,2.3017368
1381,2.2258341,0.12706102
1382,-7.3263435,2.285575
1383,-6.066589,2.2829309
1384,-7.4938974,2.0654666
1385,2.140796,-0.2829575
1386,-0.5594238,1.3598543
1387,2.4994476,0.39548573
1388,0.4132413,1.6168169
1389,-1.9235145,1.6156892
1390,-8.998251,1.1725246
1391,-7.4619255,2.096665
1392,-7.2847414,1.9966224
1393,-1.7297226,1.1250026
1394,4.334585,-0.62766564
1395,3.7004836,0.33522636
1396,5.7361717,-5.125452
1397,2.343638,0.7246267
1398,3.8265555,-0.6504933
1399,1.2497542,0.08668079
1400,3.9808395,0.3486136
1401,3.2990181,-0.768571
1402,-2.6094003,3.1112576
1403,1.9065015,1.3544704
1404,5.270547,-2.6160061
1405,5.238823,-4.2910943
1406,-0.9703517,2.456929
1407,-1.822843,2.7025816
1408,-8.159097,2.60555
1409,2.0557263,-0.21625145
1410,1.3824675,1.1181358
1411,-0.88030124,2.2253075
1412,-3.9682667,3.0838187
1413,0.08448547,1.6510928
1414,-2.283306,2.6284432
1415,0.04449384,1.9573237
1416,0.5579963,1.5703746
1417,0.24845225,1.8184938
1418,3.531274,-0.5829777
1419,-1.725849,2.0287697
1420,-5.28915,2.2724466
1421,3.792532,0.2977277
1422,-4.698776,3.2127552
1423,-8.963095,2.8268886
1424,-6.8159056,2.7607238
1425,-0.037151605,1.7847015
1426,-3.1438444,3.1938403
1427,-6.283332,3.0122826
1428,5.324255,-3.7493012
1429,0.40742102,1.8794869
1430,2.5514472,0.49090347
1431,3.9256647,-2.10213
1432,-4.830083,2.827608
1433,-0.97751534,1.6767634
1434,3.0535014,0.63030356
1435,-1.8700714,2.6657228
1436,-4.616719,3.2125165
1437,-4.6534066,2.6850483
1438,0.678815,1.3769077
1439,3.34325,-1.4355288
1440,-4.758499,3.173294
1441,1.6394036,1.0819274
1442,-2.4697578,1.5999739
1443,3.9312968,-1.8776509
1444,-0.4674715,0.91823834
1445,0.946738,1.9146731
1446,2.6914222,0.30865836
1447,-7.8378124,2.7840588
1448,1.0644366,1.6975149
1449,5.9741364,-4.4070835
1450,-6.049503,2.7942846
1451,4.983033,-4.303756
1452,-6.0814576,2.8700345
1453,-8.715329,2.813679
1454,-0.3510466,2.1728716
1455,0.2107856,1.7402623
1456,-6.2654386,3.245787
1457,-1.5865631,2.4906306
1458,-9.916503,2.646988
1459,4.099007,-2.9943132
1460,-6.200282,2.9104607
1461,-8.89149,2.8139021
1462,4.7818794,-3.6208296
1463,1.9451896,-0.97332656
1464,0.6308359,1.7020152
1465,0.95387775,1.1775612
1466,5.7559576,-5.147749
1467,-4.4432936,2.743937
1468,0.5002665,0.7269872
1469,-0.36048537,1.2775613
1470,-4.82461,2.8748643
1471,-2.1842732,2.0285208
1472,-9.843993,2.6600525
1473,0.89749664,0.87317127
1474,-2.320922,3.1085632
1475,1.1397747,1.4009721
1476,-2.1382868,2.381065
1477,-8.371669,2.023014
1478,0.78767294,1.6100028
1479,2.4107492,0.01383446
1480,-2.7176037,2.2200162
1481,0.06078328,1.8412652
1482,-1.4939691,2.4450169
1483,2.3963468,-1.2283387
1484,2.7121468,0.48201272
1485,2.4788125,0.21903658
1486,-9.88066,2.6824756
1487,-3.7102842,3.0161614
1488,2.497514,0.59646165
1489,1.7999768,0.9300358
1490,2.265989,0.41359687
1491,-2.4868765,2.121134
1492,-1.5289731,2.1625936
1493,-9.658409,2.6583674
1494,-9.877432,2.670963
1495,3.4744046,-2.7980053
1496,-7.04381,2.3576014
1497,-5.4997797,2.9938478
1498,-1.6529034,2.1031013
1499,-1.394862,2.704115
1500,-9.923852,2.7169533
1501,-0.052291796,2.9736726
1502,-7.0708776,2.3769162
1503,2.3900914,0.6794534
1504,-5.451328,2.5104141
1505,-6.6940126,2.4475427
1506,-2.6455052,3.148389
1507,-9.685207,2.6536348
1508,-2.1454694,1.8499902
1509,-7.2405663,2.361108
1510,-5.2239137,2.794868
1511,2.987134,-0.18086264
1512,0.09633087,2.7034552
1513,-2.122507,2.6988833
1514,0.084697895,0.7296366
1515,-5.872513,3.085052
1516,-1.0078576,2.297265
1517,-8.527686,2.7273288
1518,-1.7403015,1.4158639
1519,-7.0648685,2.3768666
1520,-6.0187325,2.7345672
1521,-8.557007,2.7138243
1522,-3.6142929,2.1157353
1523,-8.093151,2.6363606
1524,-7.7498355,3.067775
1525,-6.5958104,3.0207384
1526,-6.0840745,3.047139
1527,-3.8139768,2.979841
1528,-0.46003088,2.2436624
1529,-4.7252116,2.9588237
1530,-5.6846714,2.929875
1531,-3.3381963,2.5194025
1532,-2.3752031,3.102837
1533,-1.8229725,2.4849315
1534,-7.220338,2.2216341
1535,-6.514969,3.0380614
1536,-1.0187174,2.4908566
1537,4.263119,-3.309102
1538,2.3969417,-0.18150102
1539,-6.0498633,2.2898085
1540,-0.69977665,1.961814
1541,-7.9702687,2.4982178
1542,-8.611713,2.516379
1543,-8.5578165,2.5089796
1544,2.3137,0.55421954
1545,-5.004034,2.77677
1546,-8.906349,2.1519938
1547,-2.4294178,2.8546345
1548,-5.1350923,3.0366452
1549,-6.671611,3.030808
1550,3.3641095,-0.5889025
1551,-8.010388,2.5368285
1552,-8.225518,2.716674
1553,-2.0355983,2.969664
1554,1.2590258,1.1039369
1555,3.40392,0.5698465
1556,-8.989904,2.3750994
1557,-4.9528904,2.8805578
1558,6.397705,-4.276302
1559,-9.842562,2.6572115
1560,3.5155318,0.06867488
1561,-4.88434,2.8796706
1562,-8.240788,2.0784047
1563,-9.300957,2.1533272
1564,-8.793867,2.3737214
1565,-9.114216,2.028343
1566,-9.296745,2.0492854
1567,-9.1172495,2.1510608
1568,-9.900211,2.6948075
1569,-9.272068,2.1415648
1570,-8.353249,2.3622983
1571,-4.8510895,2.9669435
1572,-8.863543,2.3392546
1573,-0.90208393,1.9399663
1574,-5.09493,3.013008
1575,-9.235297,2.1404207
1576,-8.962818,2.43292
1577,-9.15301,2.2782476
1578,-8.613494,2.9803035
1579,-8.54038,2.43568
1580,-9.17886,2.1848462
1581,-4.8799396,2.9864924
1582,-9.177606,2.1414468
1583,-9.465279,2.2657485
1584,-9.129578,2.1204069
1585,-0.373479,1.8540217
1586,-9.842504,2.6494467
1587,-8.53302,2.5401533
1588,-8.869847,2.2730808
1589,-9.621211,2.5406904
1590,-7.390488,2.059386
1591,-3.9250832,3.1203253
1592,3.6592524,-0.67642343
1593,-6.6871805,2.9142675
1594,-6.0287557,2.7442052
1595,-9.143659,2.5144892
1596,-7.59046,2.2891634
1597,1.8768824,0.8372869
1598,-2.694453,2.3482432
1599,-6.620566,2.9738595
1600,2.4112587,0.32265344
1601,-8.63697,2.5357516
1602,-0.4522288,1.2185509
1603,-1.6460638,1.9561447
1604,-1.5192384,2.097783
1605,3.368711,0.19659023
1606,-2.354805,2.0819728
1607,3.5926325,0.04897786
1608,-3.825571,3.035186
1609,-8.564273,2.9090402
1610,-8.980433,1.829699
1611,3.6799393,-0.21641867
1612,0.26867372,-1.2934567
1613,-1.2865156,1.4920436
1614,-1.0683446,2.2261314
1615,-6.8057404,2.289383
1616,-0.075727895,1.8368261
1617,-0.9757201,2.4600313
1618,-9.763376,2.6364236
1619,-9.066509,2.3764336
1620,-8.869326,1.8274825
1621,-9.117829,2.2165337
1622,-0.27918097,1.9299524
1623,5.234366,-3.1588352
1624,-7.8761697,2.3413777
1625,-5.7931976,2.2805982
1626,-9.755005,2.5691953
1627,-8.679239,2.4817145
1628,3.037203,0.9156483
1629,-7.946638,2.8616698
1630,-6.5918827,3.1199765
1631,-6.6387873,3.0600202
1632,-8.640079,2.9850056
1633,-8.842596,2.9530551
1634,-8.88082,2.8780665
1635,-1.1769527,2.0613716
1636,-1.2636176,2.165967
1637,-6.5044217,2.9743629
1638,-1.0116259,2.297936
1639,3.8422081,-1.5676249
1640,-7.7655244,2.743455
1641,-8.498985,2.9090974
1642,3.8999207,-1.6714728
1643,2.6230116,-0.22100827
1644,-7.078727,2.2610786
1645,-7.513992,3.0261192
1646,-7.8786855,2.8463557
1647,-9.893323,2.6776507
1648,-2.321058,2.9675617
1649,-1.6259612,2.071417
1650,-8.411986,2.9492772
1651,-1.2247831,2.4062955
1652,-6.3518586,2.4000094
1653,-1.1912605,1.8337224
1654,-8.780445,2.7856548
1655,-9.774995,2.63962
1656,-4.797258,2.798897
1657,-0.7952628,2.2209842
1658,2.7337105,-0.24076618
1659,-9.927978,2.6635413
1660,-4.0179486,3.0250404
1661,-8.601866,2.51095
1662,-7.843321,2.0770078
1663,-2.8326707,2.4275773
1664,-4.829482,2.9452047
1665,-2.495149,2.7264833
1666,-7.4825287,2.1719007
1667,-9.932356,2.6792135
1668,-9.879634,2.677207
1669,-2.2934172,2.578207
1670,-1.5816933,1.9100903
1671,-6.656287,2.7489233
1672,-1.0489022,2.2188268
1673,-1.0296425,2.1347013
1674,-5.218262,2.9952595
1675,-9.906245,2.6554472
1676,-3.6623363,3.0499136
1677,-5.8175673,2.8084383
1678,-6.5622306,2.4584188
1679,-9.871784,2.664878
1680,-3.4906423,2.02992
1681,-7.9383783,2.6009164
1682,-1.4934949,2.1574962
