Outcode,Latitude,Longitude
AB10,57.131086,-2.122482
AB11,57.13121,-2.082261
AB12,57.098381,-2.1724
AB13,57.108,-2.237
AB14,57.101,-2.27
AB15,57.143396,-2.199525
AB16,57.161,-2.156
AB21,57.245343,-2.22555
AB22,57.187186,-2.131376
AB23,57.230843,-2.092813
AB25,57.154591,-2.118918
AB30,56.851566,-2.469034
AB31,57.066594,-2.533141
AB32,57.151623,-2.372573
AB33,57.225,-2.741
AB34,57.094498,-2.815032
AB35,57.038,-3.149
AB36,57.197,-3.067
AB37,57.331,-3.351
AB38,57.486,-3.225
AB39,56.978,-2.217
AB41,57.376,-2.105
AB42,57.501,-1.888
AB43,57.637345,-2.066319
AB44,57.669,-2.492
AB45,57.651,-2.566
AB51,57.289,-2.405
AB52,57.344,-2.607
AB53,57.530753,-2.392198
AB54,57.454,-2.763
AB55,57.491337,-2.997465
AB56,57.666412,-2.906093
AL1,51.748873,-0.328511
AL10,51.764893,-0.240376
AL2,51.718527,-0.329894
AL3,51.79351,-0.400949
AL4,51.783294,-0.285137
AL5,51.820047,-0.366133
AL6,51.831016,-0.208101
AL7,51.797992,-0.183996
AL8,51.803892,-0.222712
AL9,51.746546,-0.19028
B1,52.4792,-1.910378
B10,52.468728,-1.853245
B11,52.458409,-1.852449
B12,52.463585,-1.900077
B13,52.43701,-1.882258
B14,52.420689,-1.885614
B15,52.462825,-1.927011
B16,52.479854,-1.935623
B17,52.464947,-1.967478
B18,52.490946,-1.927561
B19,52.49658,-1.908471
B2,52.479313,-1.899401
B20,52.516158,-1.919277
B21,52.509929,-1.941478
B23,52.526621,-1.855603
B24,52.518251,-1.825529
B25,52.464577,-1.837034
B26,52.462616,-1.781229
B27,52.443168,-1.821618
B28,52.426758,-1.83976
B29,52.43594,-1.944866
B3,52.480608,-1.903612
B30,52.421012,-1.925162
B31,52.410197,-1.974416
B32,52.437666,-2.001487
B33,52.477126,-1.788998
B34,52.494359,-1.785307
B35,52.51832,-1.788507
B36,52.500333,-1.78411
B37,52.47749,-1.753672
B38,52.396208,-1.926215
B4,52.483372,-1.890745
B40,52.462521,-1.727142
B42,52.531917,-1.910954
B43,52.548295,-1.924235
B44,52.546141,-1.884455
B45,52.383095,-2.002193
B46,52.502405,-1.680957
B47,52.392856,-1.878858
B48,52.359024,-1.940266
B49,52.214357,-1.866247
B5,52.465858,-1.903668
B50,52.175362,-1.844343
B6,52.510131,-1.882424
B60,52.317093,-2.04617
B61,52.348538,-2.087815
B62,52.439416,-2.047562
B63,52.450894,-2.071439
B64,52.474398,-2.069161
B65,52.48484,-2.04352
B66,52.49093,-1.968468
B67,52.484635,-1.980759
B68,52.482799,-2.000643
B69,52.501095,-2.030596
B7,52.494562,-1.864605
B70,52.525509,-2.003138
B71,52.528811,-1.986258
B72,52.550487,-1.821869
B73,52.552365,-1.854077
B74,52.583927,-1.861645
B75,52.587721,-1.802578
B76,52.546227,-1.7572
B77,52.615575,-1.667368
B78,52.594458,-1.68771
B79,52.670108,-1.65218
B8,52.490913,-1.843869
B80,52.283983,-1.886906
B9,52.47764,-1.851287
B90,52.397379,-1.824612
B91,52.414462,-1.77557
B92,52.428283,-1.744567
B93,52.370204,-1.7303
B94,52.34772,-1.790566
B95,52.273603,-1.787085
B96,52.264208,-1.973759
B97,52.297411,-1.973224
B98,52.308748,-1.905814
BA1,51.412421,-2.364541
BA10,51.119452,-2.425421
BA11,51.222273,-2.338774
BA12,51.153475,-2.153233
BA13,51.26019,-2.169008
BA14,51.321183,-2.183504
BA15,51.36125,-2.262028
BA16,51.129529,-2.751422
BA2,51.334721,-2.389162
BA20,50.937882,-2.645235
BA21,50.961038,-2.640292
BA22,50.967614,-2.615037
BA3,51.258476,-2.481704
BA4,51.152393,-2.532475
BA5,51.226542,-2.659097
BA6,51.137055,-2.710412
BA7,51.088054,-2.530787
BA8,51.012263,-2.411274
BA9,51.056438,-2.420397
BB1,53.755406,-2.456299
BB10,53.789249,-2.202298
BB11,53.77265,-2.267867
BB12,53.820884,-2.311476
BB18,53.91102,-2.165807
BB2,53.741,-2.5
BB3,53.698,-2.465
BB4,53.703,-2.29
BB5,53.754,-2.371
BB6,53.792,-2.417
BB7,53.874,-2.386
BB8,53.858,-2.163
BB9,53.856459,-2.233034
BD1,53.795331,-1.754943
BD10,53.827504,-1.724543
BD11,53.745536,-1.676584
BD12,53.754484,-1.757602
BD13,53.796096,-1.861498
BD14,53.784158,-1.82565
BD15,53.812296,-1.846475
BD16,53.852957,-1.835035
BD17,53.849992,-1.759311
BD18,53.829517,-1.78032
BD19,53.730002,-1.714016
BD2,53.816628,-1.739159
BD20,53.906112,-1.973541
BD21,53.850815,-1.902782
BD22,53.850465,-2.004176
BD23,54.065761,-2.108685
BD24,54.107831,-2.254446
BD3,53.799674,-1.728295
BD4,53.773519,-1.702491
BD5,53.778323,-1.756019
BD6,53.766497,-1.784479
BD7,53.783309,-1.783879
BD8,53.80229,-1.788241
BD9,53.818663,-1.789009
BH1,50.725566,-1.871704
BH10,50.758082,-1.898459
BH11,50.760473,-1.921634
BH12,50.738831,-1.926102
BH13,50.704265,-1.929996
BH14,50.717734,-1.94383
BH15,50.712652,-1.99488
BH16,50.745831,-2.047985
BH17,50.750635,-1.963527
BH18,50.759083,-1.99756
BH19,50.633701,-1.996762
BH2,50.723265,-1.878313
BH20,50.691366,-2.132027
BH21,50.85094,-1.974827
BH22,50.807066,-1.887595
BH23,50.765128,-1.768778
BH24,50.852293,-1.76088
BH25,50.765682,-1.657841
BH3,50.734458,-1.881671
BH31,50.875015,-1.87281
BH4,50.721093,-1.897089
BH5,50.72601,-1.840529
BH6,50.730295,-1.802762
BH7,50.738452,-1.830801
BH8,50.745078,-1.846279
BH9,50.752624,-1.886602
BL0,53.636852,-2.30806
BL1,53.597754,-2.453484
BL2,53.593693,-2.391324
BL3,53.568916,-2.422751
BL4,53.547,-2.4
BL5,53.55759,-2.502241
BL6,53.592,-2.539
BL7,53.63,-2.421
BL8,53.605,-2.327
BL9,53.5977,-2.279207
BN1,50.850784,-0.142862
BN10,50.797529,0.001428
BN11,50.813828,-0.373322
BN12,50.818779,-0.430321
BN13,50.848707,-0.425484
BN14,50.847599,-0.385276
BN15,50.838028,-0.32234
BN16,50.834167,-0.496557
BN17,50.818908,-0.551567
BN18,50.859865,-0.582145
BN2,50.826109,-0.079503
BN20,50.775889,0.233311
BN21,50.773,0.277
BN22,50.788,0.284
BN23,50.798425,0.309738
BN24,50.818566,0.338254
BN25,50.781231,0.12157
BN26,50.82473,0.197928
BN27,50.877024,0.2646
BN3,50.840303,-0.179222
BN41,50.84153,-0.219408
BN42,50.838239,-0.225923
BN43,50.853764,-0.269797
BN44,50.904437,-0.321909
BN45,50.868275,-0.179501
BN5,50.930604,-0.261921
BN6,50.934068,-0.149694
BN7,50.880791,-0.024434
BN8,50.908128,0.080611
BN9,50.800774,0.04936
BR1,51.412584,0.024843
BR2,51.370626,0.029214
BR3,51.402093,-0.029233
BR4,51.375861,-0.004384
BR5,51.391538,0.100783
BR6,51.354868,0.101492
BR7,51.412562,0.058473
BR8,51.394097,0.177071
BS1,51.454813,-2.598741
BS10,51.516834,-2.629762
BS11,51.497,-2.675
BS13,51.412,-2.611
BS14,51.413,-2.561
BS15,51.452788,-2.504724
BS16,51.485,-2.51
BS2,51.457911,-2.579273
BS20,51.479,-2.752
BS21,51.42869,-2.827981
BS22,51.36,-2.929
BS23,51.343,-2.97
BS24,51.326837,-2.908488
BS25,51.318027,-2.829428
BS26,51.279,-2.855
BS27,51.271,-2.77
BS28,51.225,-2.814
BS29,51.334672,-2.866346
BS3,51.436461,-2.606328
BS30,51.445,-2.472
BS31,51.408,-2.491
BS32,51.555759,-2.571819
BS34,51.521284,-2.567585
BS35,51.596,-2.549
BS36,51.526,-2.486
BS37,51.542237,-2.414046
BS39,51.340495,-2.544411
BS4,51.435995,-2.565165
BS40,51.339029,-2.694831
BS41,51.422,-2.651
BS48,51.420443,-2.732437
BS49,51.37468,-2.809159
BS5,51.463825,-2.5499
BS6,51.473759,-2.597623
BS7,51.486629,-2.580236
BS8,51.45552,-2.655662
BS9,51.485602,-2.621438
BS99,51.458,-2.573
BT1,54.601176,-5.925854
BT10,54.55807,-5.988757
BT11,54.577625,-5.999892
BT12,54.587395,-5.966411
BT13,54.610526,-5.96251
BT14,54.631355,-5.996693
BT15,54.639727,-5.94435
BT16,54.594316,-5.794319
BT17,54.563774,-6.022777
BT18,54.641514,-5.808907
BT19,54.64479,-5.668396
BT2,54.592745,-5.929459
BT20,54.655902,-5.664178
BT21,54.637195,-5.567919
BT22,54.479397,-5.540166
BT23,54.539753,-5.737487
BT24,54.407121,-5.876774
BT25,54.378729,-6.112343
BT26,54.448195,-6.058486
BT27,54.494518,-6.011254
BT28,54.53944,-6.156332
BT29,54.599378,-6.17755
BT3,54.617316,-5.893673
BT30,54.344105,-5.715785
BT31,54.277897,-6.010497
BT32,54.450271,-6.017143
BT33,54.344555,-5.920986
BT34,54.151208,-6.115586
BT35,54.563346,-6.349597
BT36,54.685324,-5.968416
BT37,54.676885,-5.906051
BT38,54.745347,-5.797671
BT39,54.736919,-6.008689
BT4,54.585972,-5.870517
BT40,54.841795,-5.819685
BT41,54.744728,-6.314515
BT42,54.851127,-6.232238
BT43,54.929872,-6.231816
BT44,54.976183,-6.241405
BT45,54.821811,-6.879628
BT46,54.876236,-6.662092
BT47,54.937415,-7.045536
BT48,55.00947,-7.330904
BT49,55.071154,-6.954062
BT5,54.577868,-5.86411
BT51,55.021468,-6.684472
BT52,55.070081,-6.629119
BT53,55.085,-6.473
BT54,55.2,-6.258
BT55,55.18,-6.71
BT56,55.198,-6.649
BT57,55.202,-6.517
BT6,54.569974,-5.881813
BT60,54.27765,-6.656328
BT61,54.368,-6.623
BT62,54.412,-6.464
BT63,54.404,-6.389
BT64,54.45,-6.392
BT65,54.445,-6.366
BT66,54.455,-6.333
BT67,54.487,-6.268
BT68,54.366,-6.848
BT69,54.424,-6.949
BT7,54.580174,-5.925269
BT70,54.515,-6.887
BT71,54.510887,-6.664113
BT74,54.343,-7.665
BT75,54.369185,-7.298166
BT76,54.419,-7.191
BT77,54.427,-7.117
BT78,54.571,-7.374
BT79,54.624,-7.201
BT8,54.532095,-5.939289
BT80,54.645,-6.748
BT81,54.694,-7.614
BT82,54.826,-7.427
BT9,54.569516,-5.955895
BT92,54.223,-7.462
BT93,54.465,-7.826
BT94,54.376,-7.541
CA1,54.884411,-2.913138
CA10,54.611,-2.659
CA11,54.664,-2.786
CA12,54.602,-3.133
CA13,54.66,-3.366
CA14,54.62389,-3.496364
CA15,54.712,-3.481
CA16,54.574,-2.483
CA17,54.479,-2.35
CA18,54.354,-3.39
CA19,54.387,-3.382
CA2,54.884,-2.949
CA20,54.41,-3.461
CA21,54.445,-3.515
CA22,54.48,-3.531
CA23,54.514,-3.493
CA24,54.515,-3.542
CA25,54.523,-3.517
CA26,54.544,-3.481
CA27,54.491,-3.592
CA28,54.54505,-3.583306
CA3,54.907,-2.939
CA4,54.83682,-2.804464
CA5,54.855,-3.015
CA6,54.994,-2.892
CA7,54.807,-3.237
CA8,54.939,-2.685
CA9,54.802,-2.419
CB1,52.196481,0.063253
CB10,52.031704,0.288008
CB11,52.000225,0.191351
CB2,52.188521,0.12703
CB3,52.212449,0.102385
CB4,52.223021,0.135567
CB5,52.21899,0.152101
CB6,52.404,0.224
CB7,52.382019,0.351405
CB8,52.222012,0.446478
CB9,52.084317,0.445598
CF10,51.473451,-3.165409
CF11,51.469015,-3.198052
CF14,51.524243,-3.193911
CF15,51.542365,-3.287235
CF23,51.517722,-3.151578
CF24,51.484402,-3.160073
CF3,51.531671,-3.097827
CF31,51.510827,-3.570723
CF32,51.534454,-3.595119
CF33,51.52722,-3.649109
CF34,51.608871,-3.64757
CF35,51.524525,-3.530609
CF36,51.488946,-3.701341
CF37,51.613122,-3.341666
CF38,51.571102,-3.328536
CF39,51.599351,-3.434467
CF40,51.616378,-3.455906
CF41,51.648606,-3.479228
CF42,51.667744,-3.530892
CF43,51.656878,-3.458452
CF44,51.747777,-3.500599
CF45,51.670291,-3.360548
CF46,51.67177,-3.295801
CF47,51.752334,-3.377307
CF48,51.755637,-3.382044
CF5,51.474835,-3.286096
CF61,51.4178,-3.505707
CF62,51.40745,-3.359659
CF63,51.411489,-3.250475
CF64,51.428866,-3.205866
CF71,51.463101,-3.453937
CF72,51.530093,-3.391728
CF81,51.6906,-3.257353
CF82,51.652352,-3.241683
CF83,51.584521,-3.205508
CH1,53.225184,-2.937352
CH2,53.235007,-2.855122
CH3,53.152085,-2.799526
CH4,53.161163,-2.95939
CH41,53.394107,-3.091767
CH42,53.374,-3.021
CH43,53.383,-3.058
CH44,53.415,-3.036
CH45,53.428,-3.05
CH46,53.404274,-3.109675
CH47,53.395319,-3.168938
CH48,53.370166,-3.17631
CH49,53.381,-3.103
CH5,53.204,-3.041
CH6,53.251549,-3.142813
CH60,53.323399,-3.099473
CH61,53.347433,-3.106494
CH62,53.336365,-2.976732
CH63,53.339399,-3.021777
CH64,53.288,-3.047
CH65,53.285224,-2.90533
CH66,53.278807,-2.948761
CH7,53.169,-3.133
CH8,53.281,-3.241
CM0,51.68025,0.842547
CM1,51.756745,0.426735
CM11,51.619913,0.461591
CM12,51.618231,0.407296
CM13,51.609196,0.334102
CM14,51.637039,0.264254
CM15,51.650137,0.312163
CM16,51.703168,0.124299
CM17,51.767718,0.167636
CM18,51.753245,0.106598
CM19,51.759866,0.054801
CM2,51.711329,0.497149
CM20,51.783598,0.103772
CM21,51.819851,0.13435
CM22,51.873244,0.226269
CM23,51.88921,0.16068
CM24,51.892387,0.221296
CM3,51.72956,0.583012
CM4,51.684023,0.379196
CM5,51.725365,0.26095
CM6,51.873082,0.369539
CM7,51.935816,0.490817
CM8,51.81097,0.630306
CM9,51.739208,0.726883
CO1,51.888418,0.911281
CO10,52.019778,0.698861
CO11,51.937062,1.090068
CO12,51.920005,1.204421
CO13,51.84923,1.22847
CO14,51.85396,1.26742
CO15,51.794028,1.152117
CO16,51.836693,1.110526
CO2,51.85441,0.861843
CO3,51.886411,0.853792
CO4,51.925263,0.913666
CO5,51.8268,0.825379
CO6,51.955097,0.793075
CO7,51.921308,1.010534
CO8,51.972092,0.766653
CO9,51.977796,0.5887
CR0,51.362751,-0.071633
CR2,51.345684,-0.075887
CR3,51.289343,-0.070594
CR4,51.400683,-0.158003
CR5,51.304967,-0.150067
CR6,51.308,-0.052
CR7,51.39484,-0.108912
CR8,51.324034,-0.115223
CT1,51.278952,1.079734
CT10,51.367125,1.420852
CT11,51.337221,1.410257
CT12,51.337047,1.340266
CT13,51.267,1.33
CT14,51.216,1.387
CT15,51.171,1.284
CT16,51.14,1.302
CT17,51.130638,1.292967
CT18,51.116864,1.141256
CT19,51.089394,1.16442
CT2,51.297463,1.06317
CT20,51.079,1.166
CT21,51.073,1.078
CT3,51.278,1.212
CT4,51.216168,1.050547
CT5,51.345013,1.021784
CT6,51.35528,1.139413
CT7,51.360025,1.307216
CT8,51.38,1.341
CT9,51.375084,1.388641
CV1,52.410338,-1.509154
CV10,52.526926,-1.519597
CV11,52.517526,-1.43076
CV12,52.480709,-1.458551
CV13,52.597673,-1.416553
CV2,52.432344,-1.446061
CV21,52.347041,-1.366452
CV22,52.355809,-1.268748
CV23,52.365233,-1.298814
CV3,52.388827,-1.475226
CV31,52.269384,-1.511554
CV32,52.305753,-1.524064
CV33,52.262406,-1.49152
CV34,52.277188,-1.573354
CV35,52.212099,-1.578232
CV36,52.084183,-1.62625
CV37,52.180784,-1.708463
CV4,52.390339,-1.56066
CV47,52.2253,-1.358965
CV5,52.424186,-1.562449
CV6,52.439743,-1.507503
CV7,52.446239,-1.514981
CV8,52.3605,-1.525645
CV9,52.601777,-1.57812
CW1,53.112178,-2.416255
CW10,53.187691,-2.449316
CW11,53.146503,-2.354374
CW12,53.170861,-2.224969
CW2,53.081,-2.446
CW3,53,-2.406
CW4,53.208429,-2.31601
CW5,53.062,-2.521
CW6,53.162,-2.666
CW7,53.173027,-2.541495
CW8,53.248782,-2.5933
CW9,53.277959,-2.498544
DA1,51.446531,0.206018
DA10,51.444,0.308
DA11,51.436357,0.344804
DA12,51.414621,0.407866
DA13,51.383815,0.346476
DA14,51.424324,0.118534
DA15,51.441422,0.101025
DA16,51.465047,0.106971
DA17,51.487,0.149
DA18,51.487302,0.161395
DA2,51.430654,0.229322
DA3,51.380714,0.297088
DA4,51.391,0.233
DA5,51.436119,0.14644
DA6,51.45581,0.142867
DA7,51.467628,0.149559
DA8,51.479398,0.179717
DA9,51.44638,0.281677
DD1,56.460856,-2.9588
DD10,56.747,-2.427
DD11,56.602729,-2.658503
DD2,56.47,-3.027
DD3,56.502379,-3.038736
DD4,56.510804,-2.949705
DD5,56.478,-2.862
DD6,56.437,-2.925
DD7,56.503,-2.718
DD8,56.656,-2.922
DD9,56.748,-2.667
DE1,52.903346,-1.511342
DE11,52.77274,-1.542241
DE12,52.723163,-1.578536
DE13,52.788188,-1.723433
DE14,52.800485,-1.6229
DE15,52.797609,-1.588707
DE21,52.951351,-1.431864
DE22,52.946825,-1.511562
DE23,52.89835,-1.502785
DE24,52.89,-1.451
DE3,52.906961,-1.521844
DE4,53.142536,-1.592009
DE45,53.215,-1.676
DE5,53.048196,-1.405241
DE55,53.101,-1.371
DE56,53.022,-1.474
DE6,52.968585,-1.688596
DE65,52.867,-1.61
DE7,52.970977,-1.352887
DE72,52.894,-1.359
DE73,52.852247,-1.448961
DE74,52.844,-1.33
DE75,53.012576,-1.350302
DG1,55.073,-3.58
DG10,55.32,-3.437
DG11,55.114,-3.336
DG12,54.99,-3.251
DG13,55.173,-3.029
DG14,55.081,-2.985
DG16,54.997,-3.068
DG2,55.065,-3.657
DG3,55.237,-3.799
DG4,55.375,-3.952
DG5,54.922,-3.81
DG6,54.837,-4.055
DG7,54.968,-4.012
DG8,54.915247,-4.609151
DG9,54.878,-5.021
DH1,54.777922,-1.55439
DH2,54.86,-1.597
DH3,54.867821,-1.551909
DH4,54.845395,-1.489553
DH5,54.825344,-1.462171
DH6,54.753,-1.464
DH7,54.784989,-1.669494
DH8,54.856,-1.844
DH9,54.84862,-1.664176
DL1,54.550379,-1.526809
DL10,54.412598,-1.679784
DL11,54.439,-1.875
DL12,54.572,-1.985
DL13,54.716,-1.954
DL14,54.652,-1.69
DL15,54.709628,-1.740801
DL16,54.699,-1.604
DL17,54.681,-1.54
DL2,54.532952,-1.623143
DL3,54.543151,-1.574602
DL4,54.63,-1.643
DL5,54.617,-1.576
DL6,54.371,-1.389
DL7,54.359654,-1.501357
DL8,54.293,-1.786
DL9,54.375,-1.709
DN1,53.523749,-1.13163
DN10,53.439403,-0.962408
DN11,53.450182,-1.104198
DN12,53.477226,-1.232874
DN14,53.711665,-0.936317
DN15,53.647183,-0.642731
DN16,53.570202,-0.624399
DN17,53.572,-0.701
DN18,53.68,-0.446
DN19,53.684,-0.359
DN2,53.534107,-1.102256
DN20,53.558,-0.505
DN21,53.416449,-0.645818
DN22,53.323,-0.927
DN3,53.540041,-1.060731
DN31,53.575009,-0.094131
DN32,53.562867,-0.067944
DN33,53.548657,-0.100349
DN34,53.56013,-0.108271
DN35,53.555,-0.035
DN36,53.511,-0.037
DN37,53.541,-0.135
DN38,53.561,-0.392
DN39,53.617,-0.334
DN4,53.504282,-1.12104
DN40,53.621,-0.224
DN41,53.58839,-0.211516
DN5,53.557811,-1.216272
DN6,53.594658,-1.176678
DN7,53.573751,-1.030587
DN8,53.610811,-0.927518
DN9,53.517186,-0.940873
DT1,50.710347,-2.4513
DT10,50.937,-2.333
DT11,50.86,-2.181
DT2,50.749,-2.453
DT3,50.641,-2.466
DT4,50.6055,-2.46886
DT5,50.548,-2.441
DT6,50.739,-2.775
DT7,50.729,-2.946
DT8,50.816,-2.758
DT9,50.941,-2.515
DY1,52.517257,-2.09395
DY10,52.374841,-2.194016
DY11,52.382557,-2.258012
DY12,52.382574,-2.343756
DY13,52.324178,-2.283647
DY14,52.383725,-2.419712
DY2,52.492336,-2.085178
DY3,52.527922,-2.166603
DY4,52.5328,-2.054678
DY5,52.485945,-2.121581
DY6,52.496759,-2.173682
DY7,52.480567,-2.22685
DY8,52.45348,-2.157326
DY9,52.414482,-2.114541
E1,51.514997,-0.058707
E10,51.566937,-0.02058
E11,51.570225,0.016903
E12,51.55312,0.049956
E13,51.526833,0.025686
E14,51.502526,-0.017603
E15,51.538668,-0.000002
E16,51.511717,0.008797
E17,51.586008,-0.01838
E18,51.592584,0.025743
E1W,51.508,-0.058
E2,51.529447,-0.060197
E3,51.528805,-0.022753
E4,51.634048,-0.005886
E5,51.56232,-0.052916
E6,51.525507,0.057241
E7,51.547208,0.027899
E8,51.543908,-0.066085
E9,51.543915,-0.04111
EC1,51.52416,-0.096177
EC1A,51.52,-0.103
EC1M,51.520874,-0.104983
EC1N,51.52,-0.108
EC1R,51.525471,-0.107929
EC1V,51.527448,-0.095442
EC1Y,51.523,-0.093
EC2,51.520232,-0.094691
EC2A,51.523,-0.085
EC2M,51.518,-0.086
EC2N,51.519565,-0.096894
EC2R,51.517,-0.092
EC2V,51.516,-0.093
EC2Y,51.520875,-0.099838
EC3,51.516282,-0.091746
EC3A,51.515,-0.081
EC3M,51.512,-0.083
EC3N,51.513,-0.079
EC3P,51.52,-0.101
EC3R,51.512,-0.085
EC3V,51.517594,-0.097625
EC4,51.516936,-0.099089
EC4A,51.516,-0.107
EC4M,51.515,-0.1
EC4N,51.517592,-0.099089
EC4R,51.512,-0.091
EC4V,51.513,-0.1
EC4Y,51.514,-0.107
EH1,55.95246,-3.193287
EH10,55.911085,-3.209224
EH11,55.931822,-3.259573
EH12,55.938025,-3.289028
EH13,55.914516,-3.250549
EH14,55.890045,-3.313271
EH15,55.949294,-3.11464
EH16,55.920213,-3.147799
EH17,55.907,-3.142
EH18,55.877368,-3.12549
EH19,55.869098,-3.098223
EH2,55.954426,-3.19428
EH20,55.880631,-3.141154
EH21,55.939,-3.045
EH22,55.892311,-3.043981
EH23,55.825999,-3.071295
EH24,55.851,-3.133
EH25,55.849896,-3.188347
EH26,55.833,-3.224
EH27,55.89,-3.422
EH28,55.914962,-3.488545
EH29,55.958629,-3.325925
EH3,55.95544,-3.199752
EH30,55.977132,-3.343232
EH31,56.044746,-2.78237
EH32,55.98128,-2.922538
EH33,55.939938,-2.924859
EH34,55.909708,-2.888197
EH35,55.911,-2.942
EH36,55.856,-2.851
EH37,55.862,-2.96
EH38,55.786,-2.96
EH39,56.022239,-2.729134
EH4,55.964883,-3.266006
EH40,55.99,-2.655
EH41,55.948,-2.774
EH42,55.986639,-2.529941
EH43,55.624,-3.01
EH44,55.630819,-3.117536
EH45,55.655,-3.191
EH46,55.737,-3.35
EH47,55.8487,-3.657962
EH48,55.904639,-3.68306
EH49,55.976,-3.598
EH5,55.973644,-3.216067
EH51,56.011,-3.605
EH52,55.935884,-3.533657
EH53,55.894,-3.476
EH54,55.887069,-3.531673
EH55,55.827129,-3.586158
EH6,55.974212,-3.16994
EH7,55.961516,-3.160533
EH8,55.948574,-3.157292
EH9,55.93123,-3.185591
EN1,51.65707,-0.064145
EN10,51.737466,-0.038469
EN11,51.765161,-0.020712
EN2,51.66756,-0.104104
EN3,51.659716,-0.043503
EN4,51.654983,-0.16244
EN5,51.657535,-0.212605
EN6,51.703122,-0.182729
EN7,51.707789,-0.068741
EN8,51.699894,-0.034704
EN9,51.705839,0.019222
EX1,50.735387,-3.495332
EX10,50.716999,-3.258028
EX11,50.742373,-3.291821
EX12,50.711479,-3.101514
EX13,50.79597,-3.005628
EX14,50.833567,-3.182384
EX15,50.867547,-3.312843
EX16,50.939876,-3.513306
EX17,50.836527,-3.728982
EX18,50.89332,-3.900604
EX19,50.890882,-4.009567
EX2,50.698819,-3.526343
EX20,50.772251,-4.047948
EX21,50.799841,-4.215507
EX22,50.834593,-4.377198
EX23,50.811782,-4.544738
EX24,50.740181,-3.118285
EX3,50.695845,-3.454003
EX31,51.091432,-4.019402
EX32,51.070289,-3.957099
EX33,51.116494,-4.149066
EX34,51.185742,-4.097032
EX35,51.219583,-3.797174
EX36,51.021587,-3.767475
EX37,50.979092,-3.939565
EX38,50.938861,-4.147522
EX39,51.039546,-4.386887
EX4,50.741851,-3.552241
EX5,50.764172,-3.464934
EX6,50.677,-3.597
EX7,50.592,-3.473
EX8,50.629,-3.401
EX9,50.639,-3.323
FK1,55.944042,-3.808719
FK10,56.115,-3.781
FK11,56.15,-3.85
FK12,56.135235,-3.800051
FK13,56.151,-3.74
FK14,56.166,-3.66
FK15,56.203,-3.949
FK16,56.191,-4.059
FK17,56.24,-4.219
FK18,56.325,-4.328
FK19,56.371,-4.313
FK2,56.018196,-3.760685
FK20,56.406,-4.63
FK21,56.466,-4.319
FK3,56.013813,-3.714347
FK4,55.997,-3.906
FK5,56.025,-3.818
FK6,56.022,-3.915
FK7,56.097,-3.917
FK8,56.131,-4.051
FK9,56.142,-3.94
FY1,53.815688,-3.043205
FY2,53.845,-3.039
FY3,53.821,-3.021
FY4,53.791,-3.028
FY5,53.874,-3.021
FY6,53.868,-2.981
FY7,53.916,-3.026
FY8,53.755768,-2.989812
G1,55.860728,-4.250792
G11,55.875426,-4.28626
G12,55.881937,-4.30071
G13,55.894,-4.347
G14,55.879865,-4.356199
G15,55.91,-4.365
G2,55.863181,-4.256355
G20,55.886,-4.282
G21,55.881,-4.22
G22,55.89,-4.251
G23,55.906808,-4.280199
G3,55.86522,-4.273145
G31,55.857,-4.208
G32,55.845503,-4.168896
G33,55.876658,-4.160782
G34,55.86876,-4.115423
G4,55.866838,-4.256146
G40,55.848,-4.222
G41,55.838,-4.282
G42,55.833009,-4.253158
G43,55.818,-4.29
G44,55.814,-4.255
G45,55.805,-4.231
G46,55.804,-4.307
G5,55.848,-4.252
G51,55.858,-4.314
G52,55.848,-4.348
G53,55.827206,-4.339707
G60,55.922,-4.453
G61,55.919,-4.33
G62,55.943,-4.32
G63,56.042,-4.364
G64,55.91953,-4.22368
G65,55.973,-4.057
G66,55.941,-4.153
G67,55.947,-3.985
G68,55.953,-4.01
G69,55.874,-4.102
G71,55.822,-4.073
G72,55.804,-4.128
G73,55.82,-4.206
G74,55.769,-4.173
G76,55.778,-4.272
G77,55.752824,-4.354188
G78,55.780391,-4.453932
G81,55.913,-4.406
G82,55.952,-4.574
G83,56.012,-4.585
G84,56.050724,-4.768682
GL1,51.853212,-2.242429
GL10,51.743,-2.284
GL11,51.689,-2.356
GL12,51.625,-2.385
GL13,51.693,-2.459
GL14,51.806257,-2.452208
GL15,51.731353,-2.572762
GL16,51.800499,-2.613216
GL17,51.861199,-2.509897
GL18,51.948789,-2.41072
GL19,51.940483,-2.290061
GL2,51.846,-2.267
GL20,52.00733,-2.110356
GL3,51.865,-2.177
GL4,51.83138,-2.176138
GL5,51.738,-2.219
GL50,51.905836,-2.083243
GL51,51.896452,-2.122402
GL52,51.916,-2.058
GL53,51.844064,-2.046612
GL54,51.880284,-1.875728
GL55,52.061,-1.768
GL56,51.988847,-1.716892
GL6,51.747285,-2.176683
GL7,51.729745,-1.855955
GL8,51.642,-2.171
GL9,51.557,-2.298
GU1,51.246095,-0.552293
GU10,51.187181,-0.789693
GU11,51.252938,-0.76128
GU12,51.259583,-0.727168
GU13,51.274,-0.837
GU14,51.297336,-0.768618
GU15,51.334201,-0.736823
GU16,51.304026,-0.728488
GU17,51.323348,-0.807609
GU18,51.347722,-0.668523
GU19,51.363294,-0.692352
GU2,51.245394,-0.596048
GU20,51.368749,-0.658037
GU21,51.325217,-0.576548
GU22,51.309001,-0.556329
GU23,51.297456,-0.500298
GU24,51.324295,-0.62365
GU25,51.403276,-0.579482
GU26,51.110487,-0.757533
GU27,51.067593,-0.709646
GU28,50.987083,-0.638016
GU29,50.987079,-0.76712
GU3,51.245655,-0.637246
GU30,51.062327,-0.808491
GU31,50.991537,-0.883086
GU32,51.017254,-1.013337
GU33,51.053137,-0.896958
GU34,51.123106,-0.970657
GU35,51.129232,-0.852557
GU4,51.24615,-0.526141
GU46,51.337,-0.825
GU47,51.348,-0.788
GU5,51.196448,-0.507189
GU51,51.283,-0.84
GU52,51.264,-0.838
GU6,51.131396,-0.482655
GU7,51.186335,-0.61772
GU8,51.14631,-0.640739
GU9,51.21857,-0.787264
HA0,51.55141,-0.30637
HA1,51.577621,-0.34071
HA2,51.578193,-0.356947
HA3,51.59609,-0.319493
HA4,51.570801,-0.411626
HA5,51.597882,-0.389899
HA6,51.614211,-0.426922
HA7,51.613257,-0.315123
HA8,51.614631,-0.277399
HA9,51.560683,-0.28735
HD1,53.647016,-1.78919
HD2,53.669774,-1.783387
HD3,53.651652,-1.860554
HD4,53.616143,-1.782663
HD5,53.656408,-1.740593
HD6,53.704027,-1.777702
HD7,53.616402,-1.882928
HD8,53.600014,-1.683796
HD9,53.572013,-1.802889
HG1,54.001474,-1.531793
HG2,53.987,-1.526
HG3,54.031,-1.616
HG4,54.156,-1.566
HG5,54.013,-1.457
HP1,51.752211,-0.504525
HP10,51.609677,-0.714803
HP11,51.620572,-0.738992
HP12,51.632719,-0.783478
HP13,51.634995,-0.743326
HP14,51.649055,-0.844553
HP15,51.654159,-0.715366
HP16,51.70755,-0.71862
HP17,51.770898,-0.858398
HP18,51.821403,-0.920622
HP19,51.823018,-0.826877
HP2,51.782653,-0.475261
HP20,51.820526,-0.798676
HP21,51.805237,-0.801427
HP22,51.818006,-0.826975
HP23,51.796055,-0.654542
HP27,51.717252,-0.834943
HP3,51.723967,-0.484083
HP4,51.787597,-0.571426
HP5,51.713562,-0.607885
HP6,51.680571,-0.607794
HP7,51.660581,-0.618655
HP8,51.645743,-0.571467
HP9,51.606588,-0.631522
HR1,52.065748,-2.628451
HR2,51.987916,-2.830065
HR3,52.098264,-2.981895
HR4,52.116407,-2.822952
HR5,52.183166,-3.066028
HR6,52.243215,-2.77176
HR7,52.185816,-2.539378
HR8,52.048396,-2.451934
HR9,51.908,-2.582
HS1,58.213,-6.381
HS2,58.249,-6.468
HS3,57.879,-6.853
HS4,57.87,-6.69
HS5,57.8,-6.961
HS6,57.601,-7.299
HS7,57.447,-7.34
HS8,57.233,-7.346
HS9,56.972,-7.472
HU1,53.739795,-0.345166
HU10,53.746965,-0.451128
HU11,53.826,-0.22
HU12,53.724,-0.13
HU13,53.724602,-0.44029
HU14,53.728,-0.5
HU15,53.75691,-0.653016
HU16,53.786181,-0.456272
HU17,53.855574,-0.420586
HU18,53.909,-0.167
HU19,53.71386,0.039661
HU2,53.75,-0.338
HU20,53.788,-0.513
HU3,53.741779,-0.358884
HU4,53.736,-0.4
HU5,53.760661,-0.376675
HU6,53.785866,-0.363347
HU7,53.794754,-0.3267
HU8,53.769,-0.299
HU9,53.756,-0.286
HX1,53.720845,-1.873504
HX2,53.743759,-1.919128
HX3,53.728308,-1.8397
HX4,53.682634,-1.89299
HX5,53.69827,-1.833353
HX6,53.683164,-1.923889
HX7,53.73509,-2.025249
IG1,51.559686,0.068347
IG10,51.649175,0.056057
IG11,51.53402,0.099884
IG2,51.57348,0.08385
IG3,51.564915,0.097782
IG4,51.574155,0.056587
IG5,51.5781,0.061798
IG6,51.585973,0.095711
IG7,51.622804,0.082497
IG8,51.607057,0.036802
IG9,51.622193,0.03903
IP1,52.072326,1.134822
IP10,52.024963,1.250815
IP11,51.969905,1.340978
IP12,52.081959,1.415904
IP13,52.189287,1.331651
IP14,52.208359,1.082088
IP15,52.171953,1.586475
IP16,52.207378,1.57624
IP17,52.239352,1.516316
IP18,52.33059,1.655463
IP19,52.341547,1.483608
IP2,52.04518,1.13314
IP20,52.407036,1.331071
IP21,52.375472,1.223617
IP22,52.383493,1.016119
IP23,52.313068,1.114632
IP24,52.444044,0.753403
IP25,52.535553,0.837201
IP26,52.515619,0.574931
IP27,52.423556,0.573904
IP28,52.328402,0.551091
IP29,52.179452,0.665757
IP3,52.041548,1.184873
IP30,52.18847,0.828978
IP31,52.30502,0.839422
IP32,52.25275,0.724982
IP33,52.240229,0.701072
IP4,52.06252,1.188256
IP5,52.065921,1.217
IP6,52.11928,1.127177
IP7,52.081399,0.99618
IP8,52.06467,1.063923
IP9,52.002073,1.147109
IV1,57.501885,-4.268315
IV10,57.585,-4.126
IV11,57.677,-4.038
IV12,57.574,-3.864
IV13,57.343,-4.013
IV14,57.586,-4.547
IV15,57.599,-4.43
IV16,57.665,-4.337
IV17,57.7,-4.26
IV18,57.702,-4.155
IV19,57.805,-4.061
IV2,57.386453,-4.236133
IV20,57.786,-3.907
IV21,57.724,-5.72
IV22,57.742,-5.506
IV23,57.773,-5.01
IV24,57.891,-4.355
IV25,57.891,-4.042
IV26,57.916,-5.173
IV27,58.277,-4.8
IV28,58.015,-4.157
IV3,57.477,-4.245
IV30,57.654,-3.327
IV31,57.717,-3.289
IV32,57.613613,-3.178513
IV36,57.578724,-3.582018
IV4,57.376175,-4.801998
IV40,57.275,-5.65
IV41,57.274,-5.735
IV42,57.239,-5.829
IV43,57.156,-5.81
IV44,57.115,-5.874
IV45,57.067,-5.906
IV46,57.114,-5.984
IV47,57.294,-6.344
IV48,57.311,-6.098
IV49,57.228,-5.946
IV5,57.468,-4.411
IV51,57.481,-6.246
IV52,57.337,-5.651
IV53,57.344,-5.554
IV54,57.431,-5.616
IV55,57.459,-6.611
IV56,57.366,-6.429
IV6,57.526,-4.458
IV63,57.323,-4.505
IV7,57.584,-4.384
IV8,57.554,-4.265
IV9,57.569,-4.177
KA1,55.575944,-4.499006
KA10,55.550826,-4.648273
KA11,55.612651,-4.623617
KA12,55.619641,-4.668236
KA13,55.671278,-4.663319
KA14,55.74,-4.671
KA15,55.737551,-4.602323
KA16,55.607,-4.33
KA17,55.615497,-4.347907
KA18,55.451,-4.239
KA19,55.346,-4.667
KA2,55.591135,-4.557859
KA20,55.640901,-4.753067
KA21,55.65747,-4.770053
KA22,55.659912,-4.811473
KA23,55.682579,-4.846272
KA24,55.71,-4.715
KA25,55.753,-4.688
KA26,55.219,-4.834
KA27,55.539,-5.172
KA28,55.755,-4.924
KA29,55.757,-4.853
KA3,55.675488,-4.485808
KA30,55.815751,-4.855692
KA4,55.599,-4.382
KA5,55.51,-4.386
KA6,55.415,-4.505
KA7,55.448,-4.628
KA8,55.472,-4.612
KA9,55.497,-4.604
KT1,51.408237,-0.297472
KT10,51.367456,-0.35705
KT11,51.320095,-0.412597
KT12,51.37773,-0.406744
KT13,51.364483,-0.451296
KT14,51.338183,-0.492064
KT15,51.363,-0.494
KT16,51.381969,-0.53427
KT17,51.341534,-0.248236
KT18,51.299502,-0.263596
KT19,51.35196,-0.274087
KT2,51.420081,-0.282904
KT20,51.278613,-0.249895
KT21,51.313868,-0.303723
KT22,51.307868,-0.332377
KT23,51.278338,-0.365836
KT24,51.269,-0.429
KT3,51.401798,-0.254786
KT4,51.376935,-0.246493
KT5,51.390594,-0.284785
KT6,51.386646,-0.302252
KT7,51.391824,-0.320101
KT8,51.400236,-0.354739
KT9,51.355793,-0.30435
KW1,58.516048,-3.243888
KW10,57.975,-3.975
KW11,58.305,-4.13
KW12,58.506,-3.491
KW13,58.455,-3.895
KW14,58.589,-3.556
KW15,58.981,-2.959
KW16,58.96,-3.274
KW17,59.042,-3.003
KW2,58.349,-3.163
KW3,58.308,-3.279
KW5,58.287,-3.382
KW6,58.249,-3.442
KW7,58.187,-3.5
KW8,58.116,-3.664
KW9,58.014,-3.858
KY1,56.130216,-3.129049
KY10,56.241041,-2.704173
KY11,56.047,-3.415
KY12,56.094297,-3.525096
KY13,56.210245,-3.456839
KY14,56.31,-3.239
KY15,56.3,-3.051
KY16,56.339445,-2.804724
KY2,56.123,-3.182
KY3,56.064,-3.23
KY4,56.115,-3.361
KY5,56.145,-3.294
KY6,56.197,-3.197
KY7,56.197,-3.154
KY8,56.197,-3.011
KY9,56.21,-2.833
L1,53.402051,-2.979837
L10,53.47567,-2.928869
L11,53.446588,-2.915847
L12,53.435,-2.895
L13,53.416145,-2.919508
L14,53.418577,-2.882546
L15,53.396904,-2.919002
L16,53.397133,-2.898255
L17,53.376294,-2.943622
L18,53.38,-2.907
L19,53.357016,-2.904938
L2,53.407254,-2.985318
L20,53.449902,-2.991349
L21,53.471,-2.999
L22,53.476583,-3.029664
L23,53.491,-3.022
L24,53.343,-2.836
L25,53.378,-2.862
L26,53.366636,-2.835282
L27,53.386255,-2.844566
L28,53.435,-2.864
L29,53.507,-2.983
L3,53.40334,-2.984977
L30,53.484,-2.971
L31,53.51693,-2.924429
L32,53.478,-2.888
L33,53.487237,-2.859828
L34,53.446077,-2.826118
L35,53.4027,-2.780354
L36,53.414237,-2.842227
L37,53.561579,-3.041104
L38,53.524,-3.05
L39,53.560045,-2.906784
L4,53.437956,-2.959766
L40,53.603383,-2.847126
L5,53.425085,-2.976998
L6,53.421698,-2.951493
L69,53.407,-2.974
L7,53.405138,-2.947701
L70,53.413752,-2.929109
L8,53.39,-2.962
L9,53.466068,-2.948398
LA1,54.039125,-2.793106
LA10,54.311133,-2.459054
LA11,54.228867,-2.923676
LA12,54.212323,-3.053453
LA13,54.108096,-3.18441
LA14,54.110315,-3.229479
LA15,54.145988,-3.190365
LA16,54.158056,-3.203576
LA17,54.238938,-3.17389
LA18,54.24227,-3.290703
LA19,54.276136,-3.350277
LA2,54.034544,-2.607522
LA20,54.329257,-3.195772
LA21,54.366659,-3.018281
LA22,54.407076,-3.009829
LA23,54.371625,-2.909535
LA3,54.03401,-2.873115
LA4,54.070238,-2.850976
LA5,54.144818,-2.7924
LA6,54.20768,-2.551153
LA7,54.223064,-2.749163
LA8,54.336969,-2.731064
LA9,54.325,-2.742
LD1,52.293074,-3.366511
LD2,52.141,-3.393
LD3,51.96,-3.371
LD4,52.118,-3.555
LD5,52.127,-3.616
LD6,52.309,-3.508
LD7,52.352,-3.085
LD8,52.268,-3.043
LE1,52.63265,-1.128715
LE10,52.518598,-1.349618
LE11,52.766197,-1.226553
LE12,52.782215,-1.218006
LE13,52.763672,-0.890501
LE14,52.78518,-0.873191
LE15,52.642075,-0.714067
LE16,52.493364,-0.863487
LE17,52.461783,-1.154466
LE18,52.574807,-1.113099
LE2,52.603876,-1.092301
LE3,52.601742,-1.247737
LE4,52.664858,-1.125051
LE5,52.639082,-1.08484
LE6,52.684859,-1.234634
LE65,52.753324,-1.451506
LE67,52.716169,-1.352162
LE7,52.677164,-1.020786
LE8,52.559415,-1.064737
LE9,52.578862,-1.275923
LL11,53.070199,-3.109533
LL12,53.086,-2.988
LL13,53.036,-2.96
LL14,52.992,-3.051
LL15,53.103,-3.315
LL16,53.185,-3.432
LL17,53.267111,-3.422005
LL18,53.31,-3.475
LL19,53.331,-3.408
LL20,52.959,-3.159
LL21,52.99,-3.409
LL22,53.21848,-3.617737
LL23,52.90575,-3.610362
LL24,53.057,-3.785
LL25,53.054,-3.878
LL26,53.139,-3.785
LL27,53.147,-3.824
LL28,53.288,-3.76
LL29,53.289,-3.708
LL30,53.318,-3.815
LL31,53.291,-3.81
LL32,53.26,-3.839
LL33,53.25,-3.98
LL34,53.288021,-3.884084
LL35,52.547,-4.041
LL36,52.622007,-4.003115
LL37,52.666,-4.083
LL38,52.698,-4.039
LL39,52.711,-4.011
LL40,52.756,-3.875
LL41,52.969,-3.938
LL42,52.725,-4.054
LL43,52.774,-4.092
LL44,52.791,-4.096
LL45,52.82,-4.095
LL46,52.882838,-4.101436
LL47,52.902,-4.062
LL48,52.936,-4.07
LL49,52.929,-4.138
LL51,52.974,-4.238
LL52,52.935934,-4.221175
LL53,52.884,-4.491
LL54,53.059,-4.285
LL55,53.134,-4.204
LL56,53.187,-4.199
LL57,53.207,-4.111
LL58,53.28,-4.099
LL59,53.235,-4.159
LL60,53.215,-4.27
LL61,53.195,-4.262
LL62,53.21,-4.385
LL63,53.219,-4.471
LL64,53.228,-4.517
LL65,53.301,-4.569
LL66,53.381,-4.405
LL67,53.411,-4.456
LL68,53.398,-4.377
LL69,53.386,-4.318
LL70,53.364,-4.287
LL71,53.327,-4.368
LL72,53.35,-4.24
LL73,53.335,-4.244
LL74,53.316,-4.232
LL75,53.283,-4.218
LL76,53.301,-4.238
LL77,53.26,-4.311
LL78,53.317,-4.262
LN1,53.281461,-0.64398
LN10,53.172046,-0.21673
LN11,53.347522,0.001774
LN12,53.333715,0.238474
LN13,53.271806,0.18645
LN2,53.28172,-0.488863
LN3,53.268118,-0.409527
LN4,53.131421,-0.322683
LN5,53.156171,-0.583975
LN6,53.182607,-0.64022
LN7,53.465824,-0.329022
LN8,53.347159,-0.340955
LN9,53.219354,-0.11284
LS1,53.798097,-1.551366
LS10,53.767656,-1.528875
LS11,53.776,-1.556
LS12,53.788353,-1.600485
LS13,53.81,-1.634
LS14,53.839298,-1.438922
LS15,53.811983,-1.432343
LS16,53.859037,-1.602304
LS17,53.889832,-1.518644
LS18,53.851168,-1.652254
LS19,53.861074,-1.678595
LS2,53.80295,-1.547347
LS20,53.874733,-1.730043
LS21,53.941924,-1.665687
LS22,53.945359,-1.407917
LS23,53.904,-1.354
LS24,53.87,-1.252
LS25,53.794846,-1.289851
LS26,53.755674,-1.445346
LS27,53.748896,-1.604817
LS28,53.806574,-1.671105
LS29,53.924246,-1.822439
LS3,53.801,-1.56
LS4,53.806593,-1.580643
LS5,53.81528,-1.594178
LS6,53.82,-1.568
LS7,53.819271,-1.543001
LS8,53.827747,-1.504109
LS9,53.796771,-1.50574
LU1,51.865456,-0.434819
LU2,51.888005,-0.376089
LU3,51.916211,-0.451287
LU4,51.907458,-0.467724
LU5,51.925226,-0.517439
LU6,51.861683,-0.549574
LU7,51.892898,-0.659637
M1,53.478484,-2.23557
M11,53.478896,-2.181232
M12,53.464,-2.201
M13,53.459219,-2.216237
M14,53.447165,-2.225736
M15,53.465937,-2.249446
M16,53.455693,-2.269222
M17,53.469253,-2.322645
M18,53.46,-2.183707
M19,53.429896,-2.194349
M2,53.479005,-2.244153
M20,53.422428,-2.234445
M21,53.43395,-2.26996
M22,53.385651,-2.259741
M23,53.395878,-2.287664
M24,53.557418,-2.201658
M25,53.533231,-2.271332
M26,53.562,-2.333
M27,53.512,-2.337
M28,53.512763,-2.398658
M29,53.508,-2.457
M3,53.483592,-2.245642
M30,53.484,-2.354
M31,53.428787,-2.400233
M32,53.45,-2.309
M33,53.421514,-2.323351
M34,53.458359,-2.125018
M35,53.50564,-2.151632
M38,53.532,-2.421
M4,53.485463,-2.2288
M40,53.504971,-2.194247
M41,53.454354,-2.367779
M43,53.484989,-2.147084
M44,53.440024,-2.430289
M45,53.544338,-2.294643
M46,53.526,-2.49
M5,53.478043,-2.294437
M6,53.492,-2.297
M60,53.486,-2.228
M7,53.505,-2.26
M8,53.509,-2.239
M9,53.521264,-2.214154
M90,53.376484,-2.276032
ME1,51.359086,0.491901
ME10,51.344729,0.734229
ME11,51.413,0.749
ME12,51.404436,0.848618
ME13,51.282343,0.888599
ME14,51.298306,0.561062
ME15,51.254,0.534
ME16,51.273913,0.487237
ME17,51.235,0.61
ME18,51.237998,0.429235
ME19,51.296514,0.398846
ME2,51.380165,0.477404
ME20,51.306668,0.471064
ME3,51.438757,0.588872
ME4,51.383863,0.531896
ME5,51.351094,0.522686
ME6,51.327,0.441
ME7,51.361432,0.562335
ME8,51.361196,0.601817
ME9,51.332221,0.724685
MK1,52.006042,-0.726102
MK10,52.038708,-0.717943
MK11,52.051048,-0.838194
MK12,52.057767,-0.820093
MK13,52.056028,-0.796945
MK14,52.064174,-0.782128
MK15,52.051214,-0.718167
MK16,52.103982,-0.713042
MK17,51.997976,-0.718025
MK18,51.985593,-0.950963
MK19,52.071511,-0.843227
MK2,51.991505,-0.724342
MK3,51.994067,-0.752453
MK4,52.003753,-0.768654
MK40,52.13717,-0.479912
MK41,52.163786,-0.444731
MK42,52.118664,-0.469618
MK43,52.1155,-0.56655
MK44,52.201139,-0.435438
MK45,52.045799,-0.453286
MK46,52.15748,-0.695984
MK5,52.019583,-0.769548
MK6,52.028502,-0.72832
MK7,52.018159,-0.692361
MK8,52.033262,-0.806771
MK9,52.040574,-0.733722
ML1,55.803476,-3.967203
ML10,55.669269,-4.094852
ML11,55.667,-3.786
ML12,55.566,-3.596
ML2,55.777,-3.913
ML3,55.77,-4.054
ML4,55.820034,-4.019573
ML5,55.873922,-4.032131
ML6,55.867,-3.962
ML7,55.83,-3.793
ML8,55.716737,-3.827221
ML9,55.725,-3.967
N1,51.520203,-0.118901
N10,51.59513,-0.145825
N11,51.615533,-0.141471
N12,51.613508,-0.178379
N13,51.618858,-0.10314
N14,51.637923,-0.097316
N15,51.582035,-0.080924
N16,51.562311,-0.076447
N17,51.595864,-0.070642
N18,51.614927,-0.067741
N19,51.563579,-0.132378
N2,51.58786,-0.169374
N20,51.628007,-0.189563
N21,51.637296,-0.097336
N22,51.601747,-0.114115
N3,51.600312,-0.193028
N4,51.570184,-0.102965
N5,51.553744,-0.097731
N6,51.557023,-0.05603
N7,51.554382,-0.120549
N8,51.583318,-0.116275
N9,51.621502,-0.077312
NE1,54.981782,-1.626919
NE10,54.946321,-1.552178
NE11,54.93072,-1.640998
NE12,55.025297,-1.564569
NE13,55.049991,-1.659688
NE15,54.993057,-1.771307
NE16,54.927119,-1.71104
NE17,54.931603,-1.820496
NE18,55.034773,-1.837639
NE19,55.164375,-2.101263
NE2,54.985004,-1.611361
NE20,55.079673,-1.85746
NE21,54.95684,-1.725097
NE22,55.139054,-1.581981
NE23,55.077648,-1.586548
NE24,55.130625,-1.536318
NE25,55.053899,-1.494396
NE26,55.056624,-1.473973
NE27,55.039304,-1.51945
NE28,55.003267,-1.516431
NE29,55.01027,-1.483932
NE3,55.018388,-1.635138
NE30,55.020213,-1.45412
NE31,54.969735,-1.508682
NE32,54.966454,-1.479865
NE33,54.991318,-1.427127
NE34,54.975441,-1.423016
NE35,54.961835,-1.462428
NE36,54.953499,-1.463831
NE37,54.909669,-1.527626
NE38,54.889641,-1.520589
NE39,54.927329,-1.7516
NE4,54.974833,-1.644895
NE40,54.960344,-1.758919
NE41,54.973835,-1.820726
NE42,54.959042,-1.86326
NE43,54.956269,-1.909184
NE44,54.940133,-2.017454
NE45,54.978569,-2.014446
NE46,54.998166,-2.124674
NE47,54.918234,-2.197924
NE48,55.13232,-2.344067
NE49,54.978006,-2.469383
NE5,55.000217,-1.699888
NE6,54.978668,-1.563263
NE61,55.181,-1.688
NE62,55.161,-1.592
NE63,55.178,-1.562
NE64,55.184,-1.514
NE65,55.313,-1.751
NE66,55.428,-1.731
NE67,55.534,-1.693
NE68,55.574,-1.658
NE69,55.605,-1.716
NE7,54.994365,-1.580148
NE70,55.594,-1.815
NE71,55.555,-2.044
NE8,54.953387,-1.608743
NE9,54.930469,-1.57654
NE99,54.973237,-1.61249
NG1,52.955748,-1.148847
NG10,52.901919,-1.280303
NG11,52.889513,-1.192261
NG12,52.912365,-1.040657
NG13,52.940184,-0.947478
NG14,53.014252,-1.023714
NG15,53.05603,-1.196679
NG16,53.038356,-1.281711
NG17,53.118351,-1.264663
NG18,53.131449,-1.182976
NG19,53.167572,-1.196621
NG2,52.931731,-1.132677
NG20,53.205003,-1.191404
NG21,53.140363,-1.116317
NG22,53.171453,-0.945034
NG23,53.107975,-0.801738
NG24,53.07,-0.799
NG25,53.073,-0.955
NG3,52.984252,-1.157572
NG31,52.917961,-0.631874
NG32,52.949,-0.649
NG33,52.818,-0.579
NG34,52.988,-0.391
NG4,52.977983,-1.082224
NG5,53.008817,-1.145227
NG6,53.005886,-1.185541
NG7,52.952231,-1.18575
NG8,52.964498,-1.213406
NG9,52.931752,-1.241258
NN1,52.243672,-0.882083
NN10,52.286755,-0.582408
NN11,52.217508,-1.18785
NN12,52.152762,-1.009146
NN13,52.037272,-1.144225
NN14,52.412694,-0.645936
NN15,52.377374,-0.704527
NN16,52.416547,-0.679679
NN17,52.528188,-0.649863
NN18,52.477116,-0.696431
NN2,52.26816,-0.898355
NN29,52.25105,-0.667042
NN3,52.269154,-0.845762
NN4,52.211733,-0.892126
NN5,52.24987,-0.933982
NN6,52.337401,-0.951797
NN7,52.219249,-0.89951
NN8,52.300831,-0.68593
NN9,52.333262,-0.61375
NP10,51.569019,-3.065136
NP11,51.647723,-3.13398
NP12,51.683421,-3.195716
NP13,51.737531,-3.181269
NP15,51.732535,-2.873659
NP16,51.6823,-2.715852
NP18,51.598335,-2.924417
NP19,51.584768,-2.944403
NP20,51.587405,-3.008684
NP22,51.770654,-3.258019
NP23,51.767803,-3.197538
NP24,51.716498,-3.243701
NP25,51.794132,-2.754321
NP26,51.587324,-2.793137
NP4,51.731865,-3.035741
NP44,51.646988,-3.025768
NP7,51.856387,-2.967892
NP8,51.872164,-3.148817
NR1,52.624078,1.307184
NR10,52.748763,1.228465
NR11,52.857553,1.259142
NR12,52.75891,1.466957
NR13,52.61895,1.481554
NR14,52.563325,1.394544
NR15,52.494565,1.301915
NR16,52.495895,1.017316
NR17,52.517025,0.970347
NR18,52.574681,1.102613
NR19,52.677908,0.896239
NR2,52.629485,1.289754
NR20,52.732534,0.97452
NR21,52.844104,0.856938
NR22,52.871887,0.850572
NR23,52.94589,0.865942
NR24,52.860891,0.997739
NR25,52.923043,1.085083
NR26,52.934604,1.201338
NR27,52.913627,1.296462
NR28,52.819791,1.396306
NR29,52.687554,1.616518
NR3,52.6424,1.291561
NR30,52.620167,1.687903
NR31,52.568126,1.668262
NR32,52.506103,1.704339
NR33,52.444598,1.703294
NR34,52.425474,1.587257
NR35,52.459357,1.410562
NR4,52.618421,1.263817
NR5,52.641687,1.248654
NR6,52.656092,1.283798
NR8,52.672118,1.230627
NR9,52.649322,1.063208
NW1,51.533313,-0.144693
NW10,51.543656,-0.254508
NW11,51.577939,-0.196588
NW2,51.559498,-0.223771
NW3,51.554322,-0.175101
NW4,51.589071,-0.223961
NW5,51.55435,-0.144091
NW6,51.541137,-0.198566
NW7,51.615,-0.235
NW8,51.531967,-0.174944
NW9,51.585738,-0.260878
OL1,53.557605,-2.113629
OL10,53.586276,-2.2239
OL11,53.606,-2.174
OL12,53.635,-2.164
OL13,53.701,-2.203
OL14,53.708188,-2.104447
OL15,53.645642,-2.104397
OL16,53.60973,-2.108948
OL2,53.565417,-2.107683
OL3,53.553,-2.009
OL4,53.542,-2.073
OL5,53.517,-2.038
OL6,53.494,-2.085
OL7,53.494347,-2.109111
OL8,53.525238,-2.111979
OL9,53.538794,-2.13519
OX1,51.729639,-1.28049
OX10,51.604181,-1.113569
OX11,51.591734,-1.2571
OX12,51.579963,-1.426605
OX13,51.665969,-1.364908
OX14,51.660117,-1.252979
OX15,52.055152,-1.429983
OX16,52.063471,-1.340093
OX17,52.071036,-1.301101
OX18,51.767526,-1.582311
OX2,51.765964,-1.30456
OX20,51.868036,-1.36979
OX25,51.908621,-1.206123
OX26,51.898277,-1.159911
OX27,51.936531,-1.143956
OX28,51.786886,-1.493098
OX29,51.780433,-1.454309
OX3,51.778025,-1.215837
OX33,51.775478,-1.128998
OX39,51.700263,-0.922182
OX4,51.728383,-1.22617
OX44,51.699512,-1.139906
OX49,51.651802,-1.008212
OX5,51.849922,-1.217133
OX6,51.909,-1.168
OX7,51.916463,-1.511791
OX8,51.79,-1.455
OX9,51.718962,-1.003399
PA1,55.845502,-4.426747
PA10,55.833,-4.551
PA11,55.857,-4.582
PA12,55.796,-4.623
PA13,55.893,-4.629
PA14,55.927,-4.663
PA15,55.942,-4.748
PA16,55.930798,-4.814914
PA17,55.865,-4.882
PA18,55.889,-4.887
PA19,55.949436,-4.809061
PA2,55.82035,-4.450282
PA20,55.835,-5.057
PA21,55.901,-5.248
PA22,55.997336,-5.134085
PA23,55.955,-4.932
PA24,56.157,-4.904
PA25,56.216,-5.04
PA26,56.258,-4.938
PA27,56.154,-5.084
PA28,55.436,-5.603
PA29,55.804,-5.477
PA3,55.855603,-4.457974
PA30,56.014,-5.448
PA31,56.050986,-5.505228
PA32,56.183619,-5.156897
PA33,56.37,-5.055
PA34,56.403,-5.499
PA35,56.405,-5.224
PA36,56.521,-4.771
PA37,56.477274,-5.353051
PA38,56.592,-5.335
PA4,55.876836,-4.416605
PA41,55.674,-5.742
PA42,55.64,-6.186
PA43,55.756,-6.283
PA44,55.798,-6.292
PA45,55.82,-6.166
PA46,55.862,-6.119
PA47,55.682,-6.503
PA48,55.738,-6.384
PA49,55.782,-6.394
PA5,55.831,-4.509
PA6,55.864,-4.534
PA60,55.88,-5.913
PA61,56.072,-6.202
PA62,56.359,-5.85
PA63,56.382,-5.715
PA64,56.439,-5.675
PA65,56.469,-5.728
PA66,56.329,-6.354
PA67,56.314,-6.232
PA68,56.437,-6.141
PA69,56.38,-6.088
PA7,55.909,-4.5
PA70,56.364,-6.033
PA71,56.481,-5.98
PA72,56.518,-5.964
PA73,56.497,-6.183
PA74,56.533,-6.229
PA75,56.612,-6.123
PA76,56.334,-6.394
PA77,56.494,-6.884
PA78,56.625,-6.545
PA8,55.901,-4.452
PA9,55.81,-4.552
PE1,52.590276,-0.235437
PE10,52.788402,-0.36766
PE11,52.803646,-0.192354
PE12,52.766413,0.02486
PE13,52.670742,0.085839
PE14,52.62789,0.201218
PE15,52.521145,0.07694
PE16,52.453872,0.053126
PE19,52.250776,-0.268349
PE2,52.574173,-0.262489
PE20,52.945161,-0.100624
PE21,52.972043,-0.02398
PE22,53.056725,0.024791
PE23,53.174968,0.099945
PE24,53.175387,0.247805
PE25,53.159728,0.332583
PE26,52.469124,-0.089694
PE27,52.330717,-0.094574
PE28,52.379361,-0.230575
PE29,52.321308,-0.181509
PE3,52.588889,-0.272609
PE30,52.772313,0.423104
PE31,52.872996,0.597387
PE32,52.73,0.628
PE33,52.644576,0.49076
PE34,52.711159,0.323693
PE35,52.825,0.512
PE36,52.931264,0.532354
PE37,52.644,0.693
PE38,52.589,0.377
PE4,52.614303,-0.26082
PE5,52.585492,-0.340375
PE6,52.638626,-0.196645
PE7,52.530224,-0.18165
PE8,52.52295,-0.436517
PE9,52.670846,-0.48295
PH1,56.466959,-3.561785
PH10,56.609,-3.36
PH11,56.639,-3.234
PH12,56.576,-3.152
PH13,56.537,-3.274
PH14,56.453,-3.186
PH15,56.61,-3.941
PH16,56.707,-3.809
PH17,56.688,-4.382
PH18,56.774,-3.889
PH19,56.935,-4.255
PH2,56.387,-3.404
PH20,57.054,-4.155
PH21,57.089,-4.022
PH22,57.198,-3.806
PH23,57.287,-3.801
PH24,57.254,-3.748
PH25,57.262,-3.647
PH26,57.33,-3.605
PH3,56.302,-3.704
PH30,56.792,-4.6
PH31,56.892,-4.816
PH32,57.145,-4.683
PH33,56.7508,-5.328844
PH34,56.926,-4.926
PH35,57.076,-4.93
PH36,56.721,-5.866
PH38,56.845,-5.747
PH39,56.913,-5.841
PH4,56.261,-3.783
PH40,56.96273,-5.739823
PH41,57.004,-5.832
PH42,56.902,-6.142
PH43,57.016,-6.28
PH44,57.057,-6.503
PH49,56.675,-5.11
PH5,56.329,-3.828
PH50,56.714,-4.964
PH6,56.372,-3.995
PH7,56.373,-3.826
PH8,56.550232,-3.675208
PH9,56.651,-3.691
PL1,50.369212,-4.143605
PL10,50.347162,-4.213171
PL11,50.37649,-4.290812
PL12,50.440091,-4.291812
PL13,50.36653,-4.495377
PL14,50.4599,-4.48599
PL15,50.620911,-4.440672
PL16,50.66417,-4.287574
PL17,50.523425,-4.320694
PL18,50.517052,-4.249081
PL19,50.563948,-4.182313
PL2,50.383731,-4.143419
PL20,50.501,-4.1
PL21,50.38481,-3.907164
PL22,50.403154,-4.640656
PL23,50.344982,-4.624074
PL24,50.357441,-4.711844
PL25,50.343653,-4.778291
PL26,50.332127,-4.836391
PL27,50.533117,-4.902779
PL28,50.529986,-4.981866
PL29,50.535754,-4.793361
PL3,50.383948,-4.127383
PL30,50.499762,-4.737563
PL31,50.470866,-4.723661
PL32,50.649531,-4.647432
PL33,50.618815,-4.738026
PL34,50.658926,-4.732742
PL35,50.68538,-4.672516
PL4,50.373306,-4.125679
PL5,50.419474,-4.167048
PL6,50.418,-4.116
PL7,50.420283,-4.030637
PL8,50.335568,-4.02085
PL9,50.344591,-4.087926
PO1,50.798947,-1.089521
PO10,50.845961,-0.925525
PO11,50.791,-0.975
PO12,50.798391,-1.142548
PO13,50.812,-1.177
PO14,50.838993,-1.22591
PO15,50.866634,-1.227089
PO16,50.850353,-1.156753
PO17,50.887883,-1.147406
PO18,50.875128,-0.787122
PO19,50.842375,-0.785078
PO2,50.812021,-1.082514
PO20,50.791262,-0.781814
PO21,50.786185,-0.705811
PO22,50.81262,-0.644671
PO3,50.816822,-1.064742
PO30,50.679662,-1.348417
PO31,50.753,-1.306
PO32,50.75,-1.28
PO33,50.714559,-1.177213
PO34,50.716,-1.112
PO35,50.686,-1.084
PO36,50.669163,-1.164722
PO37,50.63139,-1.182286
PO38,50.604,-1.241
PO39,50.68,-1.538
PO4,50.791421,-1.059343
PO40,50.684468,-1.512729
PO41,50.699,-1.477
PO5,50.788569,-1.088156
PO6,50.845877,-1.068629
PO7,50.911106,-1.05861
PO8,50.923803,-0.994111
PO9,50.875657,-0.966365
PR1,53.754842,-2.708077
PR2,53.782462,-2.693439
PR25,53.694,-2.693
PR26,53.687,-2.74
PR3,53.869,-2.716
PR4,53.754,-2.833
PR5,53.740183,-2.63814
PR6,53.667,-2.609
PR7,53.643195,-2.668681
PR8,53.617573,-2.999234
PR9,53.66,-2.968
RG1,51.453118,-0.969128
RG10,51.480331,-0.874369
RG12,51.407528,-0.753155
RG14,51.412843,-1.320011
RG17,51.442665,-1.507559
RG18,51.444561,-1.245329
RG19,51.376601,-1.255961
RG2,51.418062,-0.938594
RG20,51.42355,-1.347745
RG21,51.263381,-1.087826
RG22,51.249273,-1.119584
RG23,51.251002,-1.156653
RG24,51.281291,-1.067374
RG25,51.225801,-1.15099
RG26,51.315072,-1.140177
RG27,51.307085,-0.953083
RG28,51.246614,-1.338552
RG29,51.235837,-0.937807
RG30,51.43828,-1.025635
RG31,51.458379,-1.028316
RG4,51.500299,-0.969302
RG40,51.401614,-0.839795
RG41,51.417112,-0.871586
RG42,51.438927,-0.748663
RG45,51.38286,-0.803686
RG5,51.451758,-0.924728
RG6,51.440383,-0.936305
RG7,51.373413,-1.070053
RG8,51.501415,-1.126942
RG9,51.563896,-0.938633
RH1,51.234337,-0.133752
RH10,51.116697,-0.1333
RH11,51.111,-0.205
RH12,51.095418,-0.37152
RH13,51.017914,-0.335289
RH14,51.032,-0.483
RH15,50.956853,-0.128864
RH16,51.002512,-0.086449
RH17,51.021,-0.115
RH18,51.093883,0.026749
RH19,51.108906,-0.011523
RH2,51.228951,-0.228366
RH20,50.937,-0.47
RH3,51.232,-0.279
RH4,51.222806,-0.343054
RH5,51.189415,-0.349366
RH6,51.171,-0.162
RH7,51.174,-0.016
RH8,51.247482,0.005814
RH9,51.236,-0.068
RM1,51.585869,0.184763
RM10,51.544473,0.16028
RM11,51.572636,0.214983
RM12,51.551654,0.209003
RM13,51.517496,0.196964
RM14,51.561418,0.312315
RM15,51.512713,0.271966
RM16,51.50458,0.33613
RM17,51.481051,0.309275
RM18,51.469094,0.375546
RM19,51.483168,0.275403
RM2,51.583238,0.195147
RM20,51.477252,0.292301
RM3,51.604206,0.227053
RM4,51.626705,0.171292
RM5,51.59116,0.159866
RM6,51.579372,0.140517
RM7,51.575368,0.167781
RM8,51.557,0.134564
RM9,51.53857,0.135158
S1,53.378922,-1.471616
S10,53.374646,-1.540342
S11,53.345593,-1.540273
S12,53.339202,-1.398882
S13,53.366292,-1.379453
S14,53.358812,-1.447956
S17,53.316585,-1.528926
S18,53.289213,-1.483639
S2,53.368447,-1.445125
S20,53.335912,-1.358149
S21,53.310092,-1.357106
S25,53.369541,-1.215148
S26,53.345398,-1.284851
S3,53.388276,-1.473518
S32,53.301036,-1.664027
S33,53.341,-1.721
S35,53.460683,-1.513299
S36,53.504994,-1.661897
S4,53.397399,-1.44872
S40,53.231516,-1.449474
S41,53.242052,-1.429895
S42,53.219827,-1.455139
S43,53.273214,-1.329534
S44,53.225,-1.313
S45,53.183609,-1.439719
S5,53.423451,-1.462141
S6,53.410324,-1.565401
S60,53.410015,-1.339531
S61,53.446984,-1.4
S62,53.470911,-1.382525
S63,53.518264,-1.34113
S64,53.488237,-1.298621
S65,53.44415,-1.303736
S66,53.422131,-1.251203
S7,53.350906,-1.493997
S70,53.528741,-1.470605
S71,53.555436,-1.471299
S72,53.576059,-1.406569
S73,53.523006,-1.390607
S74,53.500975,-1.437006
S75,53.553291,-1.546944
S8,53.341572,-1.474805
S80,53.288095,-1.143405
S81,53.338,-1.122
S9,53.40179,-1.412625
SA1,51.633739,-3.920433
SA10,51.710458,-3.753328
SA11,51.901774,-3.706102
SA12,51.619354,-3.77687
SA13,51.610049,-3.702842
SA14,51.749628,-4.094415
SA15,51.736428,-4.187264
SA16,51.69942,-4.237581
SA17,51.759947,-4.288092
SA18,51.795164,-3.948701
SA19,51.978177,-3.940586
SA2,51.619529,-4.024826
SA20,52.024451,-3.773248
SA3,51.587423,-4.136186
SA31,51.853384,-4.311946
SA32,51.904354,-4.166582
SA33,51.853602,-4.437568
SA34,51.856335,-4.615419
SA35,52.007499,-4.570613
SA36,51.96264,-4.606516
SA37,52.028061,-4.599919
SA38,52.037396,-4.460076
SA39,52.024056,-4.25438
SA4,51.686901,-4.062317
SA40,52.095144,-4.177253
SA41,52.011746,-4.709614
SA42,52.017421,-4.868759
SA43,52.081127,-4.635905
SA44,52.087874,-4.376386
SA45,52.137127,-4.357522
SA46,52.183494,-4.186019
SA47,52.187468,-4.293168
SA48,52.151682,-4.125492
SA5,51.686911,-3.979889
SA6,51.692339,-3.903859
SA61,51.797153,-4.975176
SA62,51.837132,-5.051293
SA63,51.858303,-4.881783
SA64,51.99829,-5.029182
SA65,51.979778,-4.919321
SA66,51.879791,-4.773451
SA67,51.780146,-4.747511
SA68,51.745122,-4.799631
SA69,51.70037,-4.717092
SA7,51.672918,-3.894399
SA70,51.673111,-4.765173
SA71,51.650302,-4.981505
SA72,51.695996,-4.914592
SA73,51.728127,-5.001819
SA8,51.733614,-3.86265
SA9,51.781,-3.767
SE1,51.495933,-0.093868
SE10,51.484792,0.000007
SE11,51.488679,-0.110733
SE12,51.442771,0.028541
SE13,51.45787,-0.010978
SE14,51.476244,-0.041016
SE15,51.470329,-0.064472
SE16,51.496601,-0.054981
SE17,51.488031,-0.093105
SE18,51.480838,0.072545
SE19,51.41781,-0.087765
SE2,51.489982,0.11878
SE20,51.411257,-0.059209
SE21,51.44143,-0.087103
SE22,51.452594,-0.070284
SE23,51.444075,-0.049749
SE24,51.451265,-0.099606
SE25,51.396818,-0.076
SE26,51.428318,-0.052663
SE27,51.43157,-0.100975
SE28,51.501821,0.105653
SE3,51.469029,0.023439
SE4,51.460491,-0.036605
SE5,51.47294,-0.093097
SE6,51.436209,-0.013897
SE7,51.484129,0.035171
SE8,51.479535,-0.030041
SE9,51.446699,0.055643
SG1,51.910265,-0.196037
SG10,51.836421,0.042372
SG11,51.870796,0.023846
SG12,51.831158,-0.017922
SG13,51.767776,-0.079926
SG14,51.829768,-0.112918
SG15,52.007346,-0.257435
SG16,52.018503,-0.302494
SG17,52.037565,-0.342556
SG18,52.079406,-0.28602
SG19,52.14869,-0.216457
SG2,51.905054,-0.134777
SG3,51.859399,-0.186734
SG4,51.90487,-0.244738
SG5,51.978844,-0.30458
SG6,51.975005,-0.225625
SG7,52.020135,-0.155654
SG8,52.074566,-0.017993
SG9,51.905836,-0.000091
SK1,53.408558,-2.147592
SK10,53.296294,-2.15042
SK11,53.210406,-2.159378
SK12,53.351098,-2.086204
SK13,53.448,-1.963
SK14,53.45028,-2.035171
SK15,53.489641,-2.052625
SK16,53.469167,-2.077114
SK17,53.244,-1.879
SK2,53.395145,-2.128096
SK22,53.373,-1.985
SK23,53.328,-1.949
SK3,53.395995,-2.175622
SK4,53.420603,-2.184079
SK5,53.431243,-2.146556
SK6,53.397309,-2.068041
SK7,53.360604,-2.136343
SK8,53.375718,-2.211561
SK9,53.321932,-2.240876
SL0,51.526973,-0.515586
SL1,51.536391,-0.6262
SL2,51.545084,-0.606994
SL3,51.513763,-0.543683
SL4,51.470509,-0.639046
SL5,51.405481,-0.664241
SL6,51.512824,-0.751332
SL7,51.580498,-0.787968
SL8,51.576656,-0.709079
SL9,51.595337,-0.562297
SM1,51.370446,-0.192906
SM2,51.347529,-0.204527
SM3,51.37,-0.213
SM4,51.391413,-0.198954
SM5,51.362632,-0.169464
SM6,51.358061,-0.140241
SM7,51.321281,-0.198481
SN1,51.556859,-1.772107
SN10,51.323154,-1.973389
SN11,51.444965,-1.988312
SN12,51.370135,-2.143427
SN13,51.420982,-2.217126
SN14,51.503148,-2.256915
SN15,51.476677,-2.043185
SN16,51.601423,-2.089942
SN2,51.576361,-1.77433
SN25,51.581344,-1.782517
SN26,51.59683,-1.795246
SN3,51.569886,-1.7459
SN4,51.510778,-1.804996
SN5,51.584613,-1.87136
SN6,51.617113,-1.781275
SN7,51.641445,-1.571002
SN8,51.398676,-1.687187
SN9,51.30735,-1.781248
SO14,50.906946,-1.394128
SO15,50.918357,-1.438121
SO16,50.940979,-1.434965
SO17,50.927796,-1.404315
SO18,50.929871,-1.357525
SO19,50.900069,-1.352825
SO20,51.107567,-1.455197
SO21,51.089135,-1.312533
SO22,51.068562,-1.335537
SO23,51.074729,-1.311306
SO24,51.090272,-1.124835
SO30,50.923236,-1.301237
SO31,50.867725,-1.308176
SO32,50.960631,-1.200665
SO40,50.901886,-1.513445
SO41,50.756842,-1.55786
SO42,50.806468,-1.512951
SO43,50.897901,-1.589241
SO45,50.831659,-1.38134
SO50,50.971062,-1.333531
SO51,51.002621,-1.506892
SO52,50.980198,-1.410874
SO53,50.984,-1.38
SP1,51.079263,-1.79336
SP10,51.211952,-1.487706
SP11,51.232249,-1.498236
SP2,51.083971,-1.845961
SP3,51.131372,-2.002864
SP4,51.160723,-1.741559
SP5,51.039192,-1.856838
SP6,50.941479,-1.81619
SP7,51.001619,-2.157452
SP8,51.033047,-2.302714
SP9,51.228422,-1.66329
SR1,54.909048,-1.388008
SR2,54.887,-1.376
SR3,54.877,-1.415
SR4,54.899475,-1.446549
SR5,54.919723,-1.43585
SR6,54.935,-1.378
SR7,54.83,-1.362
SR8,54.770904,-1.340001
SR9,54.902,-1.374
SS0,51.549178,0.687521
SS1,51.535534,0.736419
SS11,51.621574,0.550868
SS12,51.60066,0.522662
SS13,51.576372,0.501405
SS14,51.577722,0.472011
SS15,51.581856,0.427985
SS16,51.557648,0.448607
SS17,51.518807,0.450799
SS2,51.55,0.717
SS3,51.56462,0.839234
SS4,51.59704,0.736235
SS5,51.609922,0.645703
SS6,51.592299,0.600563
SS7,51.563613,0.584411
SS8,51.524085,0.578456
SS9,51.556691,0.65052
ST1,53.026,-2.172
ST10,52.989,-1.963
ST11,52.967,-2.065
ST12,52.948,-2.171
ST13,53.101,-2.018
ST14,52.903,-1.868
ST15,52.9,-2.148
ST16,52.812198,-2.120189
ST17,52.789,-2.099
ST18,52.823328,-2.084043
ST19,52.713,-2.147
ST2,53.032286,-2.138479
ST20,52.798,-2.263
ST21,52.868,-2.259
ST3,52.981,-2.122
ST4,52.995,-2.183
ST5,53.015,-2.237
ST6,53.063857,-2.186154
ST7,53.078282,-2.271495
ST8,53.115,-2.167
ST9,53.05,-2.099
SW1,51.499157,-0.143114
SW10,51.48268,-0.183435
SW11,51.464978,-0.167151
SW12,51.445306,-0.14795
SW13,51.47666,-0.246613
SW14,51.464135,-0.26565
SW15,51.449091,-0.232384
SW16,51.420395,-0.128057
SW17,51.430842,-0.169857
SW18,51.451808,-0.192757
SW19,51.425525,-0.207992
SW1A,51.503,-0.132
SW1E,51.497,-0.138
SW1H,51.498,-0.133
SW1P,51.495,-0.132
SW1V,51.489961,-0.138635
SW1W,51.493,-0.147
SW1X,51.497822,-0.150433
SW1Y,51.503766,-0.132119
SW2,51.449274,-0.1208
SW20,51.408434,-0.229908
SW3,51.491239,-0.16875
SW4,51.462388,-0.142168
SW5,51.489898,-0.191566
SW6,51.476085,-0.204714
SW7,51.495825,-0.175435
SW8,51.476829,-0.13196
SW9,51.476821,-0.137907
SY1,52.725146,-2.734015
SY10,52.836,-3.121
SY11,52.867,-3.029
SY12,52.903,-2.893
SY13,52.952,-2.689
SY14,53.03,-2.763
SY15,52.555,-3.13
SY16,52.52,-3.311
SY17,52.517,-3.465
SY18,52.441,-3.548
SY19,52.574,-3.611
SY2,52.704859,-2.731902
SY20,52.620649,-3.80273
SY21,52.659459,-3.271261
SY22,52.756,-3.186
SY23,52.381,-4.051
SY24,52.47,-4.023
SY25,52.238,-3.936
SY3,52.699,-2.77
SY4,52.800763,-2.776799
SY5,52.653,-2.827
SY6,52.539,-2.79
SY7,52.425,-2.887
SY8,52.368745,-2.706694
SY9,52.498,-2.986
TA1,51.077473,-3.191758
TA10,51.037853,-2.81022
TA11,51.06404,-2.677707
TA12,50.975285,-2.788078
TA13,50.943378,-2.816946
TA14,50.944638,-2.747407
TA15,50.949742,-2.722715
TA16,50.901505,-2.792703
TA17,50.895254,-2.848508
TA18,50.879725,-2.787386
TA19,50.924904,-2.917357
TA2,51.045461,-3.096421
TA20,50.880911,-2.98087
TA21,50.968003,-3.271349
TA22,51.052786,-3.558382
TA23,51.136559,-3.387598
TA24,51.165908,-3.590516
TA3,50.972569,-3.024357
TA4,51.08295,-3.305546
TA5,51.138035,-3.121452
TA6,51.130154,-3.017754
TA7,51.121597,-2.904363
TA8,51.273932,-2.995332
TA9,51.226433,-2.936152
TD1,55.658105,-2.818431
TD10,55.71086,-2.457745
TD11,55.788,-2.316
TD12,55.653,-2.239
TD13,55.93,-2.37
TD14,55.868,-2.124
TD15,55.747,-2.012
TD2,55.733,-2.753
TD3,55.7,-2.572
TD4,55.642,-2.671
TD5,55.587,-2.416
TD6,55.583,-2.694
TD7,55.537,-2.871
TD8,55.475,-2.541
TD9,55.397,-2.776
TF1,52.70311,-2.494334
TF10,52.769,-2.385
TF11,52.663,-2.36
TF12,52.612,-2.48
TF13,52.578,-2.582
TF2,52.70987,-2.431688
TF3,52.667581,-2.445387
TF4,52.661,-2.467
TF5,52.715,-2.536
TF6,52.735,-2.554
TF7,52.636,-2.449
TF8,52.63,-2.479
TF9,52.897,-2.469
TN1,51.140576,0.272052
TN10,51.21,0.286
TN11,51.200041,0.256171
TN12,51.172,0.44
TN13,51.27877,0.176316
TN14,51.285971,0.145143
TN15,51.29566,0.28018
TN16,51.284127,0.064056
TN17,51.096,0.538
TN18,51.043,0.526
TN19,51.002,0.408
TN2,51.138,0.287
TN20,51.026,0.256
TN21,50.954724,0.292641
TN22,50.981,0.101
TN23,51.134456,0.840505
TN24,51.15,0.887
TN25,51.144506,0.92453
TN26,51.1,0.806
TN27,51.166,0.707
TN28,50.982,0.953
TN29,50.993,0.934
TN3,51.116554,0.269025
TN30,51.062,0.698
TN31,50.963,0.687
TN32,50.98,0.49
TN33,50.91,0.477
TN34,50.868945,0.577482
TN35,50.891027,0.623811
TN36,50.921,0.702
TN37,50.871,0.558
TN38,50.863,0.546
TN39,50.846,0.455
TN4,51.14847,0.256846
TN40,50.844,0.484
TN5,51.084277,0.370923
TN6,51.053976,0.201045
TN7,51.092,0.109
TN8,51.184684,0.101744
TN9,51.19286,0.271046
TQ1,50.485191,-3.520637
TQ10,50.420682,-3.776643
TQ11,50.470607,-3.77014
TQ12,50.520515,-3.63229
TQ13,50.581556,-3.71983
TQ14,50.551994,-3.524933
TQ2,50.475519,-3.5489
TQ3,50.454328,-3.587091
TQ4,50.41855,-3.583991
TQ5,50.389286,-3.53887
TQ6,50.345628,-3.592785
TQ7,50.286778,-3.78466
TQ8,50.252558,-3.757062
TQ9,50.392831,-3.712052
TR1,50.260052,-5.055824
TR10,50.166,-5.118
TR11,50.149,-5.086
TR12,50.043,-5.179
TR13,50.109,-5.285
TR14,50.201612,-5.308918
TR15,50.229842,-5.244422
TR16,50.223377,-5.227255
TR17,50.125,-5.468
TR18,50.117,-5.541
TR19,50.1,-5.627
TR2,50.253,-4.952
TR20,50.131,-5.488
TR21,49.93,-6.256
TR22,49.892,-6.344
TR23,49.953,-6.352
TR24,49.955,-6.334
TR25,49.964,-6.293
TR26,50.196434,-5.512294
TR27,50.182,-5.403
TR3,50.217,-5.109
TR4,50.283,-5.136
TR5,50.290981,-5.136791
TR6,50.342,-5.152
TR7,50.413,-5.074
TR8,50.399,-5.037
TR9,50.424291,-4.979132
TS1,54.57292,-1.20781
TS10,54.604329,-1.08952
TS11,54.582606,-1.040474
TS12,54.545431,-0.959089
TS13,54.535073,-0.852002
TS14,54.535735,-1.070891
TS15,54.499741,-1.337208
TS16,54.532609,-1.368652
TS17,54.5379,-1.299533
TS18,54.557901,-1.317546
TS19,54.577304,-1.341203
TS2,54.596623,-1.214093
TS20,54.58783,-1.317699
TS21,54.614718,-1.41958
TS22,54.619834,-1.311386
TS23,54.602677,-1.280475
TS24,54.69659,-1.215634
TS25,54.655496,-1.213076
TS26,54.691,-1.235713
TS27,54.705481,-1.292716
TS28,54.705383,-1.37298
TS29,54.711002,-1.417388
TS3,54.562454,-1.208372
TS4,54.557342,-1.222498
TS5,54.55159,-1.249348
TS6,54.571203,-1.147308
TS7,54.526472,-1.18373
TS8,54.515108,-1.240532
TS9,54.426502,-1.172898
TW1,51.44756,-0.322264
TW10,51.44636,-0.29559
TW11,51.425216,-0.329991
TW12,51.421891,-0.366823
TW13,51.438166,-0.403068
TW14,51.45444,-0.426084
TW15,51.430089,-0.458232
TW16,51.41184,-0.410919
TW17,51.396616,-0.451069
TW18,51.419382,-0.505518
TW19,51.452814,-0.5149
TW2,51.444861,-0.356801
TW20,51.421703,-0.556943
TW3,51.468471,-0.367379
TW4,51.461794,-0.385885
TW5,51.482203,-0.385231
TW6,51.466863,-0.426508
TW7,51.474465,-0.336552
TW8,51.487677,-0.304979
TW9,51.472596,-0.293654
UB1,51.519643,-0.369392
UB10,51.548367,-0.454176
UB11,51.520629,-0.461992
UB2,51.498664,-0.377369
UB3,51.501096,-0.425323
UB4,51.521502,-0.411092
UB5,51.543349,-0.378766
UB6,51.538147,-0.338734
UB7,51.507421,-0.473156
UB8,51.544162,-0.481698
UB9,51.577804,-0.484545
W1,51.513606,-0.149799
W10,51.521386,-0.104418
W11,51.512853,-0.206423
W12,51.5082,-0.233605
W13,51.513,-0.32
W14,51.495113,-0.21146
W1B,51.514,-0.139
W1C,51.514,-0.148
W1D,51.513618,-0.135815
W1F,51.513,-0.135
W1G,51.519,-0.147
W1H,51.517,-0.159
W1J,51.507,-0.143
W1K,51.510323,-0.146115
W1M,51.518,-0.149
W1S,51.512298,-0.14097
W1T,51.520184,-0.136582
W1U,51.518197,-0.152755
W1W,51.519518,-0.142444
W2,51.514879,-0.179972
W3,51.512054,-0.265367
W4,51.488439,-0.264433
W5,51.51331,-0.301519
W6,51.492458,-0.229095
W7,51.510602,-0.335402
W8,51.501048,-0.193827
W9,51.52799,-0.191827
WA1,53.394843,-2.558947
WA10,53.45286,-2.766968
WA11,53.490604,-2.727756
WA12,53.459692,-2.631764
WA13,53.387454,-2.462552
WA14,53.378034,-2.379418
WA15,53.378512,-2.314201
WA16,53.291413,-2.390396
WA2,53.421834,-2.578832
WA3,53.447088,-2.541988
WA4,53.340618,-2.582237
WA5,53.412261,-2.647757
WA6,53.273352,-2.720355
WA7,53.33,-2.703
WA8,53.372,-2.741
WA9,53.435282,-2.721742
WC1,51.524142,-0.123356
WC1A,51.517,-0.125
WC1B,51.520195,-0.125547
WC1E,51.520851,-0.129968
WC1H,51.524,-0.126
WC1N,51.522,-0.12
WC1R,51.519,-0.116
WC1V,51.517,-0.118
WC1X,51.525,-0.116
WC2,51.51232,-0.121123
WC2A,51.516,-0.115
WC2B,51.51429,-0.119649
WC2E,51.512,-0.123
WC2H,51.512967,-0.127731
WC2N,51.51,-0.125
WC2R,51.512,-0.119
WD1,51.647,-0.4
WD17,51.666924,-0.407119
WD18,51.648432,-0.416469
WD19,51.632738,-0.396302
WD2,51.667,-0.377
WD23,51.648623,-0.374173
WD24,51.666882,-0.40034
WD25,51.681413,-0.377201
WD3,51.65076,-0.485968
WD4,51.708212,-0.46302
WD5,51.710348,-0.419762
WD6,51.658067,-0.286915
WD7,51.688283,-0.297517
WF1,53.686549,-1.473713
WF10,53.733251,-1.351402
WF11,53.71623,-1.248052
WF12,53.682481,-1.62991
WF13,53.682269,-1.648378
WF14,53.681715,-1.685035
WF15,53.705902,-1.705277
WF16,53.71178,-1.669896
WF17,53.722982,-1.637433
WF2,53.673197,-1.500612
WF3,53.714088,-1.521381
WF4,53.640904,-1.516769
WF5,53.681704,-1.569953
WF6,53.703467,-1.419597
WF7,53.668369,-1.361043
WF8,53.662992,-1.270635
WF9,53.610508,-1.314208
WN1,53.573918,-2.630737
WN2,53.537,-2.582
WN3,53.529,-2.645
WN4,53.495,-2.643
WN5,53.522385,-2.682309
WN6,53.574,-2.669
WN7,53.498847,-2.52264
WN8,53.559421,-2.773847
WR1,52.199959,-2.207516
WR10,52.112812,-2.051009
WR11,52.095021,-1.914364
WR12,52.048252,-1.883911
WR13,52.083914,-2.337141
WR14,52.099427,-2.323878
WR15,52.291102,-2.542799
WR2,52.190878,-2.243496
WR3,52.221467,-2.194111
WR4,52.204644,-2.189375
WR5,52.166284,-2.188162
WR6,52.21976,-2.350779
WR7,52.184112,-2.066454
WR8,52.11906,-2.203122
WR9,52.272714,-2.154912
WS1,52.576095,-1.978659
WS10,52.560534,-2.015539
WS11,52.686139,-2.024951
WS12,52.717575,-1.997868
WS13,52.704528,-1.807525
WS14,52.646531,-1.819554
WS15,52.765303,-1.911238
WS2,52.589623,-2.008549
WS3,52.622193,-1.995959
WS4,52.606083,-1.958457
WS5,52.570096,-1.958803
WS6,52.653552,-2.023523
WS7,52.676906,-1.877815
WS8,52.625714,-1.945504
WS9,52.603195,-1.913883
WV1,52.585124,-2.115862
WV10,52.633707,-2.10384
WV11,52.620011,-2.06717
WV12,52.605184,-2.042545
WV13,52.583947,-2.073161
WV14,52.558796,-2.078621
WV15,52.508859,-2.356063
WV16,52.507071,-2.487783
WV2,52.577194,-2.118693
WV3,52.57947,-2.156364
WV4,52.566276,-2.159403
WV5,52.536667,-2.247804
WV6,52.58969,-2.239941
WV7,52.633048,-2.270047
WV8,52.634771,-2.198167
WV9,52.627681,-2.149999
YO1,53.958128,-1.080271
YO10,53.95,-1.058
YO11,54.265,-0.395
YO12,54.274,-0.422
YO13,54.288,-0.496
YO14,54.199,-0.297
YO15,54.094,-0.177
YO16,54.098857,-0.234205
YO17,54.136,-0.753
YO18,54.258,-0.767
YO19,53.91,-1.021
YO21,54.477,-0.712
YO22,54.437865,-0.659291
YO23,53.905427,-1.151037
YO24,53.945633,-1.116697
YO25,54.005,-0.413
YO26,54.007161,-1.22099
YO30,53.986,-1.114
YO31,53.969,-1.063
YO32,54.011,-1.059
YO41,53.970549,-0.914929
YO42,53.918642,-0.786038
YO43,53.85,-0.69
YO51,54.082249,-1.404077
YO60,54.082,-0.941
YO61,54.13435,-1.220606
YO62,54.242,-0.993
YO7,54.224,-1.35
YO8,53.781,-1.058
ZE1,60.152,-1.168
ZE2,60.331,-1.226
ZE3,59.884,-1.302
IM8,54.2948433,-4.3895247
IM9,54.0950888,-4.6928518
JE1,49.2,-2.1333
JE4,49.2,-2.1333
IM1,54.15147,-4.4819153
IM2,54.150921,-4.85417
IM3,54.1730097,-4.446974
IM4,54.1928611,-4.4831809
IM5,54.169447,-4.727593
IM6,54.2801,-4.585813
IM7,54.381528,-4.4273065
JE2,49.198461,-2.116311
JE3,49.186386,-2.204252
GY1,49.452881,-2.543269
GY2,49.483814,-2.542925
GY3,49.481938,-2.537658
GY4,49.433639,-2.549065
GY5,49.466707,-2.598564
GY6,49.46683,-2.557664
GY7,49.443875,-2.623538
GY8,49.428479,-2.622825
GY9,49.716768,-2.203349
CB21,52.127166,0.272036
CB22,52.142087,0.125502
CB23,52.212508,-0.002369
CB24,52.274212,0.071859
CB25,52.268824,0.247153
