,0,1,2,3,4,5,6,7
0,-0.045042347,0.024698589,0.038221743,0.00039781258,0.013013516,-0.04277383,0.03749687,0.032318246
1,0.8664902,0.61953586,0.7048916,0.68323463,0.7829379,-0.6391795,0.66323286,0.6918987
2,0.52568746,0.7522993,0.707557,0.6599557,0.7068332,-0.70425296,0.56296855,0.67061645
3,0.29665378,0.6169163,0.4779476,0.51503557,0.5538216,-0.6078359,0.45923918,0.5685461
4,0.23156957,0.8525927,0.70792556,0.84534913,0.83656293,-0.8451908,0.6859787,0.90452456
5,0.5176939,0.7022393,0.6535046,0.5932682,0.5220353,-0.5882267,0.583433,0.6108739
6,1.1305301,0.54972893,0.6390421,0.4985827,0.46760184,-0.60362726,0.80497044,0.52519846
7,0.9371982,0.6400438,0.73955154,0.6937043,0.77655774,-0.82137215,0.8115922,0.75800663
8,0.8249937,0.74165916,0.6621404,0.6694715,0.70543116,-0.7198975,0.65263027,0.69017774
9,0.70052963,0.7653118,0.70868,0.8391319,0.751074,-0.746397,0.71548945,0.71099627
10,0.7614221,0.7813935,0.720801,0.7424558,0.7328319,-0.6994503,0.76295143,0.62929964
11,0.36711806,0.66445476,0.68005675,0.7297258,0.71834314,-0.69831896,0.5553294,0.80047536
12,0.6095096,0.74577755,0.6594026,0.82255733,0.8420454,-0.7831264,0.761664,0.71271145
13,1.1007292,0.5736262,0.7414666,0.52699584,0.5517149,-0.60371774,0.60095954,0.5880252
14,0.8377274,0.6536257,0.78933716,0.56891876,0.725795,-0.7390382,0.7148845,0.60040873
15,0.49840197,0.5625452,0.56203,0.5467575,0.69163173,-0.58805597,0.46288654,0.62959766
16,0.86076677,0.7160591,0.81575084,0.8387163,0.7552393,-0.67885494,0.7465263,0.81183434
17,0.6199699,0.6216477,0.53534365,0.56931275,0.4803808,-0.5731611,0.6075694,0.58343124
18,0.7633708,0.7214166,0.6985138,0.7087207,0.6656402,-0.68962294,0.65592045,0.650537
19,0.8252147,0.5673726,0.59099627,0.6069495,0.5258272,-0.5538897,0.59611,0.63350743
20,0.35710022,0.52120465,0.5443101,0.7093959,0.6053183,-0.5779167,0.5142615,0.64861315
21,0.7943341,0.49721977,0.6945767,0.55886817,0.5654672,-0.6041684,0.6560199,0.5801736
22,0.9021432,0.6365296,0.65036917,0.6895046,0.6529818,-0.6496376,0.7030517,0.6335064
23,0.7133615,0.63811845,0.68959486,0.5550293,0.60182667,-0.67823565,0.8158059,0.57936335
24,0.724387,0.8318775,0.7420451,0.7564448,0.7819306,-0.7652168,0.629154,0.73051083
25,0.8380997,0.7327647,0.72256505,0.7418719,0.67227197,-0.6254636,0.6353977,0.6084097
26,0.40098962,0.59434325,0.5936613,0.61186415,0.5858903,-0.5968762,0.6306466,0.6016377
27,0.28237262,0.66336495,0.5799079,0.70839643,0.7072428,-0.5425826,0.5043258,0.64849454
28,0.5905754,0.733766,0.6457588,0.715607,0.628925,-0.74254256,0.6057725,0.6736548
29,0.49995515,0.6954841,0.6306426,0.62434447,0.5917416,-0.7533343,0.64139646,0.6740348
30,0.45432577,0.71259,0.6023412,0.72856975,0.6696546,-0.73104715,0.6460624,0.7516549
31,0.69626033,0.5987219,0.51338387,0.6034619,0.6691796,-0.6350623,0.68072474,0.6595268
32,0.40396342,0.6336849,0.62284124,0.64322865,0.626423,-0.6119842,0.5610979,0.6131474
33,-0.06524239,0.77305746,0.6214976,0.8113079,0.67024314,-0.74535996,0.64762,0.74533796
34,0.72411215,0.91832083,0.9103517,0.82673454,0.86255485,-0.8448592,0.95775044,0.87289995
35,-0.067295365,0.6691099,0.50244933,0.7341024,0.6823192,-0.65536904,0.45009303,0.7131165
36,0.8283121,0.8338733,0.7309393,0.77988446,0.8317149,-0.8945457,0.7510004,0.7846343
37,0.6629003,0.7380225,0.5830917,0.7577587,0.68977326,-0.7119543,0.70701206,0.6940377
38,0.52128744,0.6088436,0.7951462,0.867608,0.9005699,-0.6518858,0.764468,0.841812
39,0.005174956,0.7358512,0.59764403,0.7038354,0.6548049,-0.6882073,0.6880004,0.6960012
40,0.14094698,0.56273717,0.5086861,0.58175564,0.49103478,-0.5819388,0.3927381,0.5929592
41,0.70131695,0.6484941,0.6858804,0.54938936,0.52268064,-0.7029114,0.73695135,0.6732693
42,0.6624019,0.63216305,0.6378418,0.7781781,0.84247166,-0.6169696,0.7144858,0.75221187
43,0.37087068,0.95314664,0.7183921,0.8486046,0.73541135,-0.666368,0.50825435,0.7937822
44,0.48778817,0.64342123,0.64542234,0.7195157,0.6306924,-0.72822165,0.7022478,0.7458718
45,0.6639747,0.6927211,0.7298062,0.78651965,0.7295632,-0.6860379,0.7372279,0.70452183
46,0.57544,0.751799,0.7161365,0.77218777,0.65073156,-0.72170275,0.64415765,0.79006755
47,0.22190373,0.72442085,0.60053366,0.7001953,0.60013753,-0.68252283,0.5189142,0.74188536
48,0.69153374,0.5900651,0.6936379,0.6859525,0.56002015,-0.729958,0.6686458,0.65371364
49,0.7584,0.5269115,0.51905066,0.34506893,0.5186013,-0.64713925,0.5693962,0.5537507
50,0.40139014,0.56798434,0.54086363,0.5814809,0.5777718,-0.6201583,0.5147696,0.5997071
51,0.4694836,0.6417152,0.5583463,0.6538869,0.63262546,-0.6226041,0.6779883,0.65142953
52,0.61229193,0.8408777,0.8468354,0.7471246,0.750481,-0.7675279,0.6027151,0.65485024
53,0.53388286,0.7465898,0.68555737,0.78401965,0.6447392,-0.6673565,0.7043061,0.7671736
54,0.49638942,0.6946882,0.7817961,0.7434811,0.748106,-0.6957301,0.75672466,0.67193437
55,0.6020212,0.6217302,0.5504951,0.58942497,0.6380549,-0.64058304,0.5642281,0.7020502
56,0.7445946,0.59530574,0.6078208,0.795874,0.73426634,-0.7475894,0.6698261,0.71790624
57,0.42596206,0.68747914,0.76239127,0.7764803,0.7296412,-0.6209629,0.63011575,0.73941606
58,0.7121769,0.7362485,0.6133341,0.63317347,0.6079824,-0.7486716,0.8075892,0.7415031
59,0.91796625,0.7093808,0.7134391,0.70529443,0.57479876,-0.7443298,0.7324374,0.89228064
60,0.8144373,0.6684718,0.76651037,0.7826351,0.6423146,-0.7239282,0.7826327,0.6517855
61,0.013843962,0.50600773,0.54208773,0.63526267,0.48985523,-0.62557733,0.5234551,0.63557804
62,0.8135299,0.51978606,0.5580768,0.5286159,0.6995632,-0.6623072,0.4751883,0.69519585
63,0.6055472,0.69234145,0.6002806,0.4975457,0.6685578,-0.62329304,0.57136536,0.6188599
64,0.849314,0.650046,0.529041,0.58701974,0.69777006,-0.6522538,0.6764699,0.6316309
65,0.7123861,0.74342936,0.62109816,0.67474705,0.6713674,-0.6371396,0.651558,0.6696277
66,0.37699765,0.5991384,0.6484058,0.72686297,0.7194299,-0.64755344,0.5995814,0.6741577
67,0.5396799,0.6924641,0.7928257,0.791243,0.794068,-0.73316973,0.6585442,0.6533958
68,0.364243,0.58493793,0.54075927,0.5665263,0.571176,-0.5790383,0.52252513,0.5273831
69,0.99465483,0.6631874,0.7619872,0.6176288,0.7356147,-0.52354145,0.585305,0.5904755
70,0.5994112,0.7004717,0.6654757,0.59367526,0.5672121,-0.69532716,0.6951757,0.63623357
71,0.67022145,0.66134906,0.6323729,0.56065375,0.56071025,-0.64128256,0.58657646,0.62740064
72,0.78758836,0.6934695,0.65453774,0.6459275,0.7100472,-0.656221,0.6760992,0.64514613
73,0.7003192,0.5656892,0.6536308,0.45072877,0.62493837,-0.587326,0.5803316,0.58583546
74,0.25336173,0.66795754,0.59752345,0.67902946,0.7243615,-0.68821293,0.5527622,0.73381466
75,0.5692991,0.66227615,0.6720553,0.62894744,0.7145749,-0.6753619,0.54037476,0.68749136
76,0.85629094,0.6980199,0.6789156,0.5418592,0.5927935,-0.623731,0.6147037,0.5367028
77,0.7444725,0.5827146,0.66061914,0.5317678,0.4720203,-0.5752178,0.61734563,0.6569372
78,0.6426966,0.65474796,0.6237799,0.59731245,0.6671693,-0.5869924,0.62103826,0.67925566
79,0.7265545,0.78050077,0.71684366,0.72396797,0.7152281,-0.671311,0.7141417,0.72409385
80,0.71567893,0.59713805,0.6728956,0.6290846,0.66574436,-0.6351106,0.6732509,0.5639081
81,0.5416744,0.70045274,0.5691873,0.7101622,0.6013193,-0.64411056,0.4910983,0.52225554
82,0.7349784,0.56374747,0.6638568,0.5626351,0.4930085,-0.5658125,0.74841666,0.5672077
83,0.8554176,0.63350266,0.64350194,0.80707216,0.7820237,-0.6121907,0.64073294,0.68837124
84,0.5682173,0.7442246,0.64351594,0.7921109,0.75594586,-0.72868145,0.5842131,0.69416803
85,0.93462306,0.54279244,0.56805384,0.51986116,0.58095986,-0.63043535,0.6786384,0.65892017
86,0.46778718,0.84430784,0.6102878,0.7987992,0.6816272,-0.7266751,0.6109767,0.76518583
87,0.8956313,0.608257,0.8011112,0.8358798,0.82022464,-0.7380362,0.6115166,0.73094803
88,0.536303,0.7594582,0.66164136,0.68890864,0.6182987,-0.77115256,0.63999504,0.8126765
89,0.52091306,0.7277345,0.7629571,0.6789848,0.72080046,-0.8011299,0.79470944,0.6992357
90,1.0087652,0.6482182,0.79814494,0.7421091,0.5893486,-0.7248546,0.7749214,0.7165034
91,0.46593323,0.7259619,0.78435665,0.77814424,0.8146774,-0.76643896,0.58705455,0.6309465
92,0.91507775,0.5351695,0.67259127,0.6247027,0.599821,-0.7118707,0.60191697,0.6714873
93,0.65939015,0.7245119,0.63099736,0.7332291,0.64263546,-0.6102603,0.71713495,0.6918948
94,0.998145,0.6718739,0.7271613,0.48433167,0.5832914,-0.8013186,0.8880788,0.6538013
95,0.5684984,0.6579715,0.6845862,0.77891093,0.62396973,-0.7033145,0.61892134,0.6754563
96,0.6668388,0.7882003,0.7038651,0.64521503,0.716448,-0.70854557,0.655331,0.77158177
97,0.66813713,0.6723253,0.7459975,0.610304,0.61688,-0.66755396,0.645755,0.6732889
98,0.49354383,0.7612545,0.6427626,0.64781964,0.7173331,-0.5839299,0.58295965,0.69644594
99,0.66935754,0.5625748,0.7723877,0.7239963,0.63317823,-0.7626034,0.6936922,0.70671886
100,-0.017802002,0.69633645,0.60170275,0.73245716,0.63016295,-0.61094606,0.3580655,0.6656108
101,0.35898077,0.6713692,0.6184134,0.6197584,0.7296236,-0.5662313,0.4860348,0.6032982
102,0.387988,0.55228597,0.42423528,0.5986662,0.61382115,-0.5133811,0.46242005,0.5311773
103,0.5916814,0.682095,0.67989916,0.63389724,0.7283809,-0.65307194,0.7250947,0.63489044
104,0.2649151,0.6394785,0.52643555,0.59470904,0.53640026,-0.6369647,0.34074762,0.51835626
105,0.23752442,0.7074574,0.5119482,0.6501099,0.6219421,-0.67125344,0.4884996,0.6716565
106,0.7178302,0.6983741,0.6261613,0.6030086,0.6683421,-0.59881,0.68244267,0.6763273
107,0.24551336,0.62321866,0.53320324,0.48051333,0.46945685,-0.6334154,0.5384839,0.58969206
108,0.30981198,0.71794665,0.59142286,0.67392445,0.6455749,-0.6534799,0.5916425,0.7289741
109,0.63333297,0.6555666,0.61272275,0.73717993,0.6257024,-0.7260944,0.5830189,0.7356954
110,0.5261308,0.57852,0.6085591,0.7920764,0.7231688,-0.5783333,0.6350341,0.46129578
111,0.088340685,0.75426346,0.499503,0.61935794,0.58423775,-0.67339826,0.46696022,0.771636
112,0.13452132,0.7593823,0.5941787,0.84933764,0.6795442,-0.79106575,0.41687518,0.7729917
113,0.7094469,0.65888613,0.7696174,0.8055458,0.7941155,-0.6631718,0.7285003,0.7459053
114,0.5513187,0.60519475,0.6023539,0.54711795,0.539512,-0.6365734,0.6874492,0.5689188
115,0.82654893,0.6039593,0.6886741,0.6562486,0.7087724,-0.7742693,0.6383204,0.6717257
116,0.6325241,0.6277891,0.58930755,0.68712217,0.49015155,-0.6415111,0.45231783,0.63788337
117,0.57919514,0.66563284,0.70480347,0.87790686,0.75037646,-0.6896926,0.66450477,0.82424295
118,0.79340434,0.854184,0.74843675,0.8653269,0.763606,-0.89823484,0.8369134,1.0048804
119,0.7549943,0.7970077,0.74904126,0.81600004,0.8433773,-0.75538325,0.579131,0.8021496
120,0.25246382,0.798043,0.66378754,0.688029,0.6541452,-0.65137225,0.5655234,0.6688612
121,0.8761819,0.605836,0.6723935,0.5212432,0.6033108,-0.5564511,0.75450623,0.5253101
122,0.73087937,0.68047756,0.6341248,0.65265214,0.74129176,-0.697919,0.7786757,0.7575604
123,0.63527566,0.6556949,0.6304669,0.586549,0.73846227,-0.6799602,0.5852363,0.6441308
124,0.52792466,0.62362295,0.43651584,0.6227672,0.4832767,-0.57773745,0.5023314,0.6128268
125,0.6696756,0.6499306,0.6957032,0.7614703,0.70620745,-0.5887067,0.5540177,0.69324803
126,0.4810211,0.69986796,0.6636258,0.8034842,0.55139446,-0.7523212,0.32593098,0.7447668
127,0.48801696,0.7065733,0.7891165,0.87906384,0.81478256,-0.7876748,0.78931606,0.78594667
128,0.7533865,0.64043015,0.69401073,0.6490682,0.73078114,-0.67778486,0.68217146,0.6235273
129,0.13812573,0.57634705,0.47782108,0.39235765,0.49782208,-0.5549446,0.3786515,0.54787636
130,0.6865909,0.84107846,0.9376606,0.9203065,0.8328877,-0.9048069,0.61870736,0.82955396
131,0.38561055,0.66123843,0.6814361,0.63503796,0.733911,-0.6475727,0.6046885,0.77097875
132,0.6582904,0.64634734,0.6445184,0.44060993,0.6218409,-0.6478404,0.66954094,0.6735789
133,0.06734431,0.58558124,0.55113256,0.640111,0.56170124,-0.66188693,0.39708003,0.6968612
134,0.083301485,0.6508627,0.5786278,0.8189465,0.6586469,-0.7240639,0.5533474,0.7054775
135,0.3934333,0.77748376,0.5455607,0.6671936,0.6027441,-0.74962,0.56867856,0.68181825
136,0.62847155,0.7049916,0.66072434,0.6566822,0.6995229,-0.7030432,0.67376226,0.67862904
137,0.5102401,0.80575746,0.68911684,0.9577571,0.8539808,-0.847542,0.652625,0.968492
138,0.72984964,0.75170106,0.73453486,0.648156,0.6661143,-0.76087606,0.71469694,0.7615959
139,0.42497277,0.66443837,0.6603449,0.7878547,0.695707,-0.7662089,0.7210471,0.7265743
140,0.3697539,0.67259794,0.6872589,0.6869089,0.6429381,-0.7293339,0.6914738,0.67228657
141,0.64358884,0.58095527,0.66758823,0.9027767,0.7554937,-0.6585574,0.5085621,0.831922
142,0.44318637,0.666376,0.668985,0.5755481,0.6719769,-0.6428179,0.5837255,0.5631315
143,0.38129696,0.6527089,0.650236,0.71766937,0.7389106,-0.72208947,0.82360375,0.67524064
144,0.9013548,0.6028482,0.65746045,0.63441193,0.67997915,-0.60467327,0.7211701,0.5708798
145,0.5503879,0.6673991,0.7382269,0.76093113,0.66267586,-0.7871332,0.5962322,0.8214064
146,0.6071243,0.78211975,0.70022064,0.6164005,0.54038846,-0.74392813,0.6563204,0.6575589
147,0.56026727,0.8111864,0.7593548,0.71278805,0.78129166,-0.69812906,0.83779144,0.7813439
148,0.66348773,0.6000337,0.67509604,0.7487328,0.65273094,-0.74395746,0.62391293,0.58798665
149,0.15864003,0.6878961,0.4648377,0.50327575,0.55756164,-0.5892199,0.40300325,0.6326438
150,0.4880497,0.706529,0.7595111,0.6338267,0.7345339,-0.6749444,0.51809794,0.65587145
151,0.9794771,0.7347483,0.75992626,0.6337716,0.6639593,-0.6034801,0.8350845,0.6916333
152,1.0066866,0.72787625,0.8456375,0.86539626,0.96314037,-0.76282626,0.82812816,0.8148363
153,0.2619314,0.4681449,0.42019588,0.49411446,0.5029415,-0.5184889,0.45627785,0.5200212
154,0.8085376,0.6030157,0.6967287,0.6126967,0.598857,-0.6566879,0.8134288,0.61528295
155,0.13290487,0.49292192,0.49192125,0.4462109,0.49261537,-0.60354936,0.43655172,0.5817
156,0.7850921,0.5481923,0.5476589,0.44085988,0.6036246,-0.61090404,0.6835895,0.5257202
157,0.729617,0.7257452,0.6973481,0.72231746,0.8210392,-0.7375227,0.6533628,0.7674379
158,0.8096421,0.5822865,0.8233366,0.6569317,0.8155292,-0.6479551,0.7029788,0.7316671
159,0.8205852,0.58050686,0.7487193,0.8103137,0.83429015,-0.69596875,0.5246343,0.66033995
160,0.66377544,0.7679458,0.77799755,0.7291434,0.5611306,-0.7775027,0.7510668,0.81644785
161,0.21673755,0.5802193,0.5396201,0.51772285,0.42167792,-0.5374614,0.33367294,0.46954352
162,0.5437045,0.63799924,0.7598005,0.7180846,0.7323261,-0.6467115,0.523233,0.57247645
163,0.31195396,0.57678145,0.5161067,0.5147033,0.49720693,-0.563975,0.5273265,0.64685476
164,0.47565037,0.8855423,0.76012504,0.94341016,0.81668174,-0.9261483,0.6685796,0.83032984
165,0.37916958,0.7304319,0.670648,0.68565947,0.7499404,-0.66150373,0.54773855,0.76440114
166,0.51795447,0.8257364,0.8018093,0.7722403,0.7232325,-0.81706685,0.89696777,0.88586426
167,0.7567378,0.65437675,0.5796725,0.6406931,0.64918727,-0.6559879,0.7001815,0.6777044
168,0.61920387,0.58665043,0.6219875,0.78826725,0.7510509,-0.5865908,0.44151485,0.66481805
169,0.59270763,0.7163925,0.57106835,0.7399835,0.6380406,-0.6781802,0.6469995,0.69724053
170,0.15392984,0.7883684,0.72501177,0.86208963,0.73502475,-0.7099664,0.70160425,0.78265154
171,0.47813293,0.65422815,0.61799634,0.64849,0.54997694,-0.66911596,0.668037,0.67397934
172,0.5760452,0.52091223,0.5224412,0.6269435,0.5745505,-0.518666,0.63097477,0.5776193
173,0.1730264,0.9372388,0.7669777,0.8677218,0.6619323,-0.8466522,0.59456813,0.93621063
174,0.79601413,0.756825,0.61208665,0.6761869,0.8307394,-0.7331923,0.6324851,0.8292504
175,0.7086131,0.7061091,0.58836323,0.55329806,0.67361397,-0.62214404,0.66231626,0.59113884
176,0.6613637,0.72447544,0.73285663,0.72113454,0.73712283,-0.68163073,0.5194244,0.6792175
177,0.84166867,0.7135443,0.5891991,0.49153414,0.59853196,-0.60863185,0.7585623,0.6400941
178,0.8243371,0.66669846,0.7170748,0.75220424,0.70182014,-0.6737789,0.67812634,0.7592469
179,0.13680865,0.6480801,0.52559966,0.5880707,0.51031667,-0.5497823,0.61077493,0.521225
180,0.74677575,0.7491982,0.6989189,0.7089342,0.6373367,-0.7008767,0.654089,0.74292845
181,-0.026666276,0.3475366,0.3677817,0.64179134,0.45345345,-0.53700215,-0.14013824,0.5703968
182,0.77777725,0.74775434,0.62744653,0.7417922,0.6495088,-0.6096738,0.64981097,0.6663965
183,0.68434453,0.5514304,0.55506325,0.5902668,0.5940292,-0.5157835,0.67789745,0.6975133
184,0.8239548,0.68909687,0.61145574,0.53300095,0.63144237,-0.652317,0.74945503,0.73066676
185,0.5324389,0.77153254,0.7375394,0.67734534,0.76171875,-0.6447877,0.6286344,0.7145152
186,0.47271425,0.7106082,0.6352277,0.7231173,0.7908171,-0.73172015,0.5400301,0.5629045
187,0.61991864,0.7007485,0.6524117,0.70705956,0.72808284,-0.73253745,0.6370646,0.6709594
188,0.68636113,0.67940444,0.5899803,0.7389341,0.7088933,-0.7093702,0.6409521,0.682925
189,0.9776692,0.659953,0.71440625,0.52961826,0.6362249,-0.72808266,0.7752323,0.6464535
190,0.29486063,0.6361145,0.6255472,0.7033907,0.624199,-0.692244,0.53500545,0.6692019
191,0.57661825,0.7397088,0.6325742,0.69365424,0.58420855,-0.6920984,0.66174173,0.72252864
192,0.4412291,0.85302556,0.69349325,0.59990865,0.6478722,-0.67725694,0.73169374,0.6716054
193,0.72024786,0.54863703,0.6619236,0.6110327,0.59638244,-0.56738853,0.63354534,0.57283515
194,0.59289145,0.6534032,0.5557091,0.47716296,0.55512214,-0.6606922,0.5396802,0.5616283
195,0.56455034,0.6776089,0.6786486,0.737135,0.6157534,-0.69179136,0.6339576,0.6401057
196,0.64593714,0.658254,0.616044,0.5419626,0.56225395,-0.62275356,0.4507508,0.6842389
197,0.6585302,0.5590678,0.5833513,0.6835322,0.5958675,-0.6675304,0.67221576,0.623709
198,0.9231086,0.45268586,0.58187795,0.50978893,0.59351546,-0.60014945,0.6499358,0.5430947
199,0.68880683,0.5787623,0.533301,0.5098221,0.63779014,-0.52366483,0.51376444,0.60551345
200,0.62088394,0.82373285,0.72898304,0.9028105,0.7577245,-0.8994392,0.857466,0.79018456
201,0.9171015,0.5172805,0.68918115,0.44903558,0.38775122,-0.6972046,0.5059768,0.58590454
202,0.38669476,0.5214381,0.4639162,0.51721233,0.46878353,-0.514512,0.38296935,0.4205972
203,0.46073404,0.6373117,0.5651253,0.62753373,0.69906753,-0.6617049,0.5983691,0.7198201
204,0.4079384,0.6989134,0.5590482,0.59386533,0.6580552,-0.56669307,0.63359296,0.66884583
205,0.03335584,0.5994982,0.39465407,0.5942455,0.49339753,-0.55607265,0.3642082,0.5867063
206,-0.18623486,0.63301086,0.33047336,0.4817034,0.3603768,-0.5757611,0.45192724,0.5784668
207,0.6364546,0.5654448,0.65619147,0.664344,0.67556226,-0.530116,0.5218927,0.62691057
208,0.6736894,0.6320781,0.6492288,0.65487677,0.6871861,-0.59275234,0.62082636,0.58883864
209,0.6549874,0.5656966,0.55099833,0.62266785,0.6651108,-0.54879314,0.4514161,0.50261784
210,0.8450468,0.76060784,0.8056439,0.65207875,0.7021035,-0.6642435,0.79497564,0.7006112
211,0.41504496,0.5888807,0.4825723,0.5499194,0.48147327,-0.5993591,0.586729,0.5768863
212,0.5145102,0.6912006,0.6949172,0.6138375,0.65608007,-0.638845,0.6469491,0.725682
213,0.8136261,0.7568567,0.7718162,0.7342591,0.818713,-0.6566961,0.7453119,0.80026716
214,0.8553424,0.68046767,0.7266372,0.6739544,0.6258882,-0.62867624,0.5846925,0.62027603
215,0.7611791,0.6706881,0.7213081,0.6126202,0.7309988,-0.6531828,0.7011576,0.6515307
216,0.74451035,0.65912044,0.70332986,0.6216179,0.77851135,-0.66306734,0.6615345,0.6771113
217,0.64783406,0.53834105,0.507276,0.6361502,0.5722285,-0.60987777,0.51708454,0.5852361
218,0.6977553,0.6185515,0.6179099,0.6481917,0.609762,-0.64571935,0.5814107,0.4672872
219,0.6635968,0.78577673,0.70886886,0.6035929,0.56367445,-0.6628646,0.6163421,0.81136215
220,0.107223324,0.7781381,0.5771927,0.7024758,0.7074326,-0.81661683,0.55350775,0.8295964
221,0.79459083,0.70089775,0.693079,0.60630614,0.68858886,-0.7469023,0.7452076,0.61711234
222,0.5345643,0.6286726,0.665307,0.7437137,0.6299578,-0.7202606,0.53953016,0.7778692
223,0.45376065,0.60585195,0.65244,0.591594,0.7307894,-0.6445366,0.6560028,0.7230386
224,0.46229976,0.6550991,0.469041,0.7673416,0.59268904,-0.60118645,0.478533,0.67932534
225,0.9935132,0.78011733,0.7865347,0.6716294,0.70658845,-0.7624231,0.849489,0.7277539
226,0.45613673,0.7651918,0.69986665,0.7144395,0.628384,-0.68768114,0.45590353,0.65574294
227,0.7751448,0.586989,0.6716713,0.57830554,0.6082756,-0.52332276,0.4986875,0.6405906
228,0.29712585,0.5971067,0.5215267,0.63131016,0.4920945,-0.58015794,0.5963332,0.5621743
229,0.16366751,0.58660185,0.4192212,0.38979024,0.35523376,-0.6096697,0.3579153,0.5366031
230,0.49426568,0.64201534,0.6418469,0.8258328,0.8554695,-0.6714419,0.6290369,0.738834
231,0.6807628,0.66628474,0.64460444,0.8125884,0.7636331,-0.70683783,0.6335197,0.6425033
232,0.9085871,0.65272146,0.7552718,0.65430164,0.62887454,-0.610925,0.6509996,0.50451607
233,0.8000271,0.61988944,0.7377866,0.78433776,0.71148604,-0.72150034,0.74337137,0.8106317
234,0.980983,0.39389077,0.7400763,0.44772896,0.4467482,-0.57584053,0.7062171,0.5063096
235,0.86242086,0.7026993,0.68194664,0.67585665,0.6917072,-0.6395755,0.656517,0.6557478
236,0.39851612,0.7429431,0.6221244,0.76102555,0.56608164,-0.6342291,0.5701627,0.65644944
237,0.76007813,0.5482266,0.67005235,0.5479238,0.60381263,-0.69993,0.752732,0.6500436
238,0.48431405,0.65406364,0.6060291,0.7028267,0.6967549,-0.7118204,0.5900915,0.71722645
239,1.1724068,0.6752809,0.69448817,0.53057206,0.6670537,-0.7959052,0.7179309,0.7245995
240,0.049516857,0.82940465,0.60294104,0.71834856,0.71654105,-0.7966625,0.65784955,0.7238063
241,0.19543713,0.67430484,0.51320493,0.6668992,0.60300106,-0.7539862,0.48377043,0.7737092
242,0.71941876,0.94183177,0.76762,0.8289246,0.8429115,-0.8036533,0.8002081,0.9038926
243,0.8169032,0.6670849,0.611742,0.6428628,0.64275134,-0.5716871,0.6138888,0.5719079
244,0.9335355,0.67608196,0.7438493,0.6073536,0.7400331,-0.66473615,0.5667981,0.7569747
245,0.5918981,0.5814419,0.5988941,0.6095579,0.6948325,-0.6465556,0.5626552,0.67593205
246,0.51245964,0.6491859,0.61574376,0.68370414,0.45275375,-0.64757705,0.5899142,0.59973174
247,0.8279742,0.66216373,0.64240193,0.63351005,0.65514153,-0.70545644,0.64601004,0.6632985
248,0.55505705,0.638317,0.60827637,0.5843518,0.5428076,-0.5974542,0.52570593,0.6468831
249,0.99965566,0.631697,0.7039026,0.6609074,0.65614456,-0.7387644,0.87280166,0.74176276
250,0.7487763,0.7045905,0.7802601,0.59693485,0.75282186,-0.64802456,0.74577385,0.656603
251,0.7163549,0.60264766,0.700674,0.7043227,0.7079632,-0.63328725,0.720096,0.611629
252,0.7300717,0.7478988,0.84096754,0.8397985,0.73962724,-0.7616472,0.8763613,0.77593285
253,0.7231574,0.6453485,0.7069445,0.6938114,0.69018906,-0.7013795,0.74832505,0.7470232
254,0.5811117,0.6392008,0.58259386,0.68769085,0.5661898,-0.65156037,0.6009912,0.7308368
255,0.2908879,0.5983601,0.46792236,0.5354073,0.4714503,-0.60563135,0.5363712,0.54865056
256,0.6402274,0.80821204,0.766714,0.9671465,0.8888529,-0.9466985,0.5922844,0.92264116
257,0.8322005,0.7752061,0.7567283,0.72116137,0.64286494,-0.7366355,0.6601389,0.66293657
258,0.43325877,0.77798474,0.7154333,0.7435926,0.786491,-0.76835155,0.74610484,0.8466695
259,0.66060466,0.6225162,0.68348473,0.72215104,0.6960172,-0.63929677,0.5751853,0.67188954
260,0.80640715,0.7921995,0.778311,0.8428509,0.7975886,-0.8481048,0.6811377,0.75779825
261,0.5227637,0.8539652,0.8082376,0.8345438,0.90181804,-0.901725,0.8172652,0.91972876
262,0.7013159,0.57384795,0.51728505,0.6549586,0.6151736,-0.5639127,0.58253664,0.59481144
263,0.86615163,0.6866142,0.6995206,0.61017674,0.7287687,-0.6121206,0.70562196,0.80109787
264,0.8380198,0.7899539,0.7508896,0.7899276,0.7941213,-0.87980735,0.70774144,0.746226
265,0.21013208,0.5843663,0.65006137,0.85176545,0.7132568,-0.66696185,0.5144161,0.78105557
266,0.345044,0.69783384,0.5087674,0.6157215,0.5903014,-0.5498077,0.5846829,0.50815135
267,0.8497502,0.7211638,0.8355541,0.7195284,0.6675591,-0.8417967,0.7169381,0.69831616
268,0.58966464,0.69412094,0.653596,0.5379261,0.4873926,-0.7500379,0.663473,0.55583906
269,0.7490949,0.611177,0.62832433,0.31218502,0.3213846,-0.6484675,0.7895457,0.619578
270,0.7899956,0.79289967,0.81169343,0.9187912,0.86567473,-0.86150384,0.74295586,0.85705835
271,1.0002061,0.60761154,0.6808814,0.52970016,0.61669445,-0.6673357,0.65377873,0.5944697
272,0.76179713,0.7115089,0.7604811,0.6564472,0.6720344,-0.66044164,0.84215826,0.7023302
273,0.5116577,0.73594314,0.66558075,0.64172,0.5801301,-0.7135151,0.6621699,0.68152416
274,0.7684529,0.7835511,0.8504,0.79576576,0.7290473,-0.70943373,0.7100891,0.7762383
275,0.43477207,0.52634096,0.51698595,0.5874973,0.6488716,-0.60491514,0.6269387,0.59783554
276,0.771267,0.73701966,0.7906346,0.6523686,0.6084227,-0.90541244,0.5964527,0.811797
277,0.63085943,0.69351214,0.6532108,0.6385636,0.7088345,-0.6442622,0.6028107,0.51882535
278,0.36464298,0.74234635,0.6976772,0.8160637,0.8038225,-0.723707,0.6377461,0.84873736
279,0.561152,0.6216626,0.7587598,0.824648,0.71569955,-0.7733939,0.57699394,0.57025766
280,0.73116755,0.62200135,0.68611574,0.7628977,0.83616835,-0.73306847,0.60402125,0.7034435
281,-0.02897705,0.6428254,0.6147084,0.68162316,0.6088008,-0.6962278,0.58583313,0.6462965
282,7.799575e-06,0.8307441,0.6882178,0.80808663,0.6770864,-0.7068752,0.54692656,0.75099045
283,0.76982623,0.8195815,0.77862734,0.7313509,0.76891035,-0.64947855,0.69219995,0.68298924
284,0.3300311,0.803367,0.70301056,0.65655786,0.65657717,-0.7223755,0.6438769,0.6628372
285,0.18182993,0.68575627,0.655883,0.6620253,0.60009634,-0.6731878,0.5005906,0.65416217
286,0.41659313,0.92531085,0.6512794,0.80144507,0.7913894,-0.87054753,0.5556759,0.82893616
287,0.48444217,0.8055285,0.7367733,0.78008264,0.8270783,-0.7135272,0.6598265,0.89383954
288,0.4833428,0.7423439,0.65788853,0.6632124,0.72491634,-0.7358666,0.6527943,0.65737325
289,0.5742857,0.61799204,0.56669647,0.56496453,0.64563316,-0.61676437,0.6636225,0.58344185
290,0.51360035,0.6871981,0.5573849,0.73974764,0.72176826,-0.56920516,0.5932446,0.69224006
291,0.76633704,0.68038166,0.7583712,0.8522398,0.7958928,-0.7816435,0.8272692,0.6640624
292,1.0978127,0.7476347,0.7520833,0.6903029,0.6202771,-0.77505517,0.7337284,0.6069539
293,0.95556766,0.5439941,0.6541129,0.39109415,0.44392952,-0.5309024,0.6301105,0.5003897
294,0.5806216,0.787135,0.7044991,0.6308704,0.62677205,-0.72767097,0.8039619,0.7751065
295,0.8397658,0.7551765,0.7740129,0.83423877,0.9024164,-0.84372294,0.7331801,0.7827595
296,0.9155726,0.8594588,0.7143301,0.6030296,0.6819353,-0.7953163,0.68768626,0.8035265
297,0.5874297,0.6437351,0.6078452,0.6443064,0.60729957,-0.6334373,0.6198542,0.65091574
298,0.72098774,0.7535246,0.64086866,0.6380604,0.6803319,-0.67546964,0.83405274,0.59064656
299,0.90369594,0.49486792,0.7517822,0.5380255,0.5753632,-0.7225829,0.56275946,0.54450625
300,0.77475196,0.8549945,0.717912,0.85520476,0.8554949,-0.79904884,0.85519135,0.8345218
301,0.47111082,0.64296037,0.69279295,0.76747894,0.71637875,-0.63152033,0.7224184,0.7604163
302,-0.04613156,0.58210355,0.55869013,0.4880925,0.44652203,-0.55677116,0.4838282,0.4863271
303,1.0505245,0.7268432,0.7249469,0.6155481,0.58453554,-0.75314564,0.68570143,0.6617831
304,0.010107466,0.7121645,0.5759245,0.7663225,0.7140765,-0.68846124,0.5636463,0.64859957
305,0.72970027,0.5808994,0.74189067,0.42025295,0.45637634,-0.678224,0.6935391,0.58685696
306,0.5256844,0.6592364,0.66943526,0.65902996,0.75900877,-0.7604204,0.49914554,0.73571247
307,0.65074694,0.63270223,0.5990944,0.72754914,0.69758034,-0.72895014,0.69433844,0.7164642
308,0.99708307,0.5233825,0.68588763,0.5870332,0.57215494,-0.7727565,0.6734571,0.6975254
309,0.33984628,0.65765166,0.6119045,0.5939054,0.6935679,-0.6513261,0.5353553,0.686924
310,0.7964709,0.7390488,0.6010369,0.81278914,0.73602813,-0.7405258,0.72860056,0.66735
311,0.6757233,0.70571667,0.61122656,0.78182685,0.7898285,-0.7517947,0.6746931,0.73230875
312,0.9857433,0.7554665,0.80012167,0.7377085,0.6275633,-0.729028,0.8315222,0.6335965
313,0.6439386,0.66638434,0.6208187,0.62799704,0.6149565,-0.6243848,0.80379176,0.66793203
314,0.64679825,0.8157937,0.7964254,0.9184253,0.82286286,-0.84429675,0.5167805,0.84788465
315,0.7321651,0.6746455,0.77004147,0.5736052,0.61303115,-0.6916282,0.64760596,0.6810623
316,0.5783019,0.635179,0.60629547,0.56399804,0.4223728,-0.5196113,0.5899934,0.5847335
317,0.109431654,0.78927433,0.62430924,0.7635429,0.73206925,-0.78208125,0.45793942,0.74867094
318,0.6375378,0.74392295,0.7404075,0.745,0.8044884,-0.68712306,0.6518486,0.6019004
319,-0.02530429,0.7152225,0.525306,0.7128838,0.69161147,-0.65396297,0.5676014,0.7401276
320,0.6968856,0.67762613,0.6426475,0.8279258,0.6530619,-0.84614617,0.6876689,0.8213559
321,0.88839304,0.6390231,0.59216577,0.59930396,0.5331196,-0.6599653,0.6792232,0.56932676
322,0.8109221,0.7372582,0.68748343,0.60400754,0.68814737,-0.60357,0.78470093,0.661188
323,1.0136522,0.65750295,0.6920701,0.57481295,0.6699784,-0.596749,0.6994355,0.5517752
324,0.3570008,0.84826034,0.7140006,0.85301167,0.8166137,-0.9366759,0.66030645,0.87724155
325,0.9235651,0.5969336,0.6310366,0.5158718,0.5639252,-0.636269,0.595184,0.56481266
326,0.69504267,0.55113107,0.5754506,0.64792204,0.5299377,-0.68113554,0.5765201,0.5702328
327,1.0006816,0.48892027,0.5804904,0.40659946,0.5424196,-0.6060374,0.71152514,0.5518807
328,0.38990965,0.7836755,0.58466715,0.6637435,0.728112,-0.77995795,0.6597491,0.76095825
329,0.60171545,0.5953395,0.5954894,0.534316,0.58497655,-0.65434897,0.6488529,0.5770139
330,0.7421485,0.9027162,0.7702324,0.84996814,0.8391458,-0.8198897,0.8224151,0.8136786
331,0.4263767,0.71431917,0.5666931,0.59618896,0.6956637,-0.6369439,0.68847245,0.80566627
332,0.5592375,0.8838339,0.79487306,0.9482977,0.84886175,-0.89513,0.779115,0.94649714
333,0.45006257,0.7656816,0.72352654,0.7708662,0.6576346,-0.6877153,0.6503785,0.67436975
334,0.9551515,0.5981488,0.731555,0.47650802,0.48108333,-0.76863945,0.5723925,0.64766437
335,-0.03444337,0.7334682,0.57992226,0.6768028,0.61849314,-0.76192796,0.67296046,0.6902406
336,0.49325335,0.6175439,0.6957399,0.7973287,0.6824897,-0.544944,0.37861845,0.6250809
337,0.56200945,0.67566603,0.70279735,0.74047494,0.70095,-0.70768565,0.81459504,0.6189663
338,0.78142816,0.6901017,0.82582504,0.6017243,0.46761352,-0.67222667,0.6593923,0.64393616
339,0.9774137,0.6504438,0.811071,0.52037734,0.67057025,-0.7522958,0.8233179,0.6986695
340,0.74476475,0.71451277,0.7635988,0.65787524,0.84268785,-0.58794516,0.7152339,0.53946275
341,0.53437966,0.93458796,0.81540704,0.80325466,0.7809914,-0.8182353,0.7008623,0.84433335
342,0.7546485,0.7022859,0.62284184,0.49049985,0.50034434,-0.7211369,0.6546319,0.7354392
343,0.95055157,0.759453,0.8527203,0.64907384,0.7064598,-0.6928751,0.7458785,0.706129
344,0.9821909,0.72149336,0.64437336,0.55628216,0.55413306,-0.77005744,0.71819055,0.585012
345,1.0000814,0.6465037,0.7295364,0.6079766,0.6322176,-0.601152,0.6250593,0.71910197
346,0.37533537,0.6887145,0.5579363,0.8074776,0.61766154,-0.6914883,0.647281,0.7096424
347,0.611778,0.736806,0.55196124,0.802399,0.5943173,-0.80086815,0.7058486,0.7362893
348,0.6152904,0.840784,0.7054389,0.95682734,0.7852674,-0.815127,0.7804924,0.8945859
349,0.6719498,0.73452157,0.60468227,0.6168536,0.63529396,-0.6519818,0.5528534,0.60555184
350,0.8650253,0.77975684,0.65367365,0.6894727,0.7302751,-0.7318598,0.77722347,0.6584333
351,0.22515129,0.8538862,0.81545305,0.8771529,0.7257758,-0.87843466,0.5890116,0.8694861
352,0.6097631,0.6247221,0.5488226,0.60455877,0.62668544,-0.68287706,0.64604473,0.62564903
353,0.13600619,0.72231805,0.63319933,0.7119041,0.56730115,-0.65642494,0.46897593,0.6233404
354,0.86637187,0.7380629,0.63498896,0.46899593,0.5498694,-0.7526486,0.5288743,0.7484547
355,-0.07820745,0.8517597,0.69276136,0.9507749,0.76794183,-0.8569117,0.48603317,0.76449233
356,0.12871163,0.76661175,0.6172062,0.6394622,0.62559485,-0.6638295,0.49316412,0.7345148
357,0.72848,0.79233104,0.8158386,0.92142546,0.90899444,-0.8404203,0.6472472,0.8298546
358,0.85507846,0.50192344,0.5664041,0.4990898,0.5567435,-0.65376955,0.6773889,0.5520791
359,0.59385526,0.7670067,0.6551187,0.7698238,0.76218295,-0.69665563,0.7308012,0.763665
360,0.95289284,0.6430241,0.65774137,0.54827183,0.664832,-0.6118047,0.6729892,0.62150097
361,0.99594486,0.7023793,0.76768345,0.48156503,0.629791,-0.59356374,0.7135559,0.5708131
362,0.0613299,0.8133117,0.53345287,0.76738894,0.7644693,-0.73089737,0.6305523,0.6509217
363,0.6342407,0.6699536,0.7001889,0.5349027,0.54154265,-0.63685685,0.5219025,0.6010035
364,0.47221857,0.83090127,0.7570015,0.7715691,0.7133118,-0.8372624,0.6143445,0.8003444
365,0.42157674,0.7100861,0.7128508,0.6748552,0.674429,-0.67621154,0.51286846,0.66210705
366,0.7513815,0.8786027,0.73378474,0.85546327,0.73827684,-0.83337677,0.75858825,0.9180309
367,0.92800605,0.78231436,0.76667833,0.8043671,0.7784443,-0.8146486,0.7357886,0.87464666
368,0.63809144,0.5804416,0.6075267,0.72337544,0.6152177,-0.5967131,0.5021813,0.64103633
369,0.39130518,0.84123677,0.7641783,0.8365569,0.7397287,-0.7561912,0.64952,0.7832664
370,0.61491644,0.63600343,0.647402,0.6426565,0.5566963,-0.6679772,0.7052175,0.5763791
371,0.6456977,0.7069989,0.6416441,0.7607154,0.7855219,-0.7005637,0.7129871,0.7131423
372,0.7189477,0.80542785,0.7819498,0.8373551,0.8376955,-0.88068026,0.86154395,0.91155607
373,0.6591143,0.66785276,0.6686328,0.81142277,0.74917364,-0.70511645,0.6433049,0.7897705
374,0.35605702,0.66310734,0.68967193,0.7476162,0.69495374,-0.7218464,0.6585438,0.67023355
375,0.48792404,0.80273145,0.6526002,0.7724112,0.7143101,-0.6954442,0.72996587,0.6886127
376,0.45263252,0.69218594,0.62381893,0.6455265,0.6540345,-0.65508074,0.50260127,0.6568249
377,0.3925512,0.73923683,0.65924513,0.80485624,0.7092357,-0.7409436,0.5619146,0.7752302
378,0.6647794,0.6375158,0.5873263,0.69727886,0.64358306,-0.73114234,0.6783909,0.71244144
379,0.9863898,0.6205945,0.7055757,0.57785416,0.6590021,-0.7937362,0.7609635,0.7360789
380,0.53873163,0.56380564,0.63697624,0.5668813,0.47300547,-0.6171419,0.45261884,0.6591851
381,0.80416584,0.6416418,0.7156414,0.68914014,0.73670965,-0.6649979,0.77687925,0.62253517
382,0.7798386,0.53208876,0.56782275,0.4804932,0.630668,-0.5776697,0.6496281,0.51670134
383,0.95415765,0.6814376,0.7010273,0.651245,0.64574826,-0.7509744,0.8394705,0.7350775
384,0.63654196,0.89593256,0.8376115,0.7147679,0.8215253,-0.86834806,0.6285791,0.78106886
385,0.9285766,0.41186625,0.7254807,0.28598303,0.49175775,-0.6981834,0.674598,0.58971566
386,0.42276305,0.8113802,0.6919784,0.77885747,0.69123507,-0.71511734,0.65627414,0.7138363
387,0.8488454,0.56507856,0.6821009,0.48112512,0.55682355,-0.7045853,0.65176564,0.63235366
388,0.33401588,0.7106861,0.6654497,0.8511636,0.7103048,-0.82213074,0.73826045,0.9911025
389,0.9345033,0.55654204,0.7890221,0.5216278,0.60002434,-0.6686448,0.73285854,0.7021598
390,0.23259082,0.7540101,0.62695813,0.746017,0.7784512,-0.67945355,0.5628127,0.7844961
391,0.8517944,0.5816187,0.7157739,0.5421443,0.69954795,-0.5908337,0.6448806,0.6387671
392,0.94061685,0.8013634,0.7798658,0.6100617,0.5617611,-0.64256054,0.81575465,0.6338856
393,0.48299944,0.7159215,0.75349194,0.829438,0.80756235,-0.7302275,0.37203217,0.8158085
394,0.77521944,0.6486539,0.7126579,0.79758644,0.64444506,-0.8180098,0.7712479,0.80432045
395,0.5965511,0.8052283,0.6519654,0.7717461,0.6754765,-0.6775769,0.5967691,0.7077493
396,0.38226593,0.63018507,0.62691236,0.7072625,0.7331638,-0.813644,0.4846275,0.77756006
397,1.0874791,0.60302687,0.6604049,0.6313949,0.65111095,-0.51147306,0.87157494,0.5289738
398,0.7692075,0.71218634,0.6694863,0.6381839,0.6633744,-0.5645567,0.72209096,0.59372693
399,0.46178266,0.6438255,0.61874264,0.7180453,0.6121518,-0.64062285,0.39799902,0.5774297
400,0.059094336,0.7261783,0.5305385,0.6899448,0.666055,-0.7568408,0.64863354,0.7585811
401,0.6313725,0.51538694,0.5232072,0.55243593,0.52898353,-0.58864677,0.5537226,0.55751705
402,0.84815615,0.80269504,0.73217714,0.6477602,0.67981374,-0.5968899,0.7003712,0.6812532
403,0.533432,0.773095,0.71621364,0.7422729,0.72019917,-0.74157566,0.59434956,0.715147
404,0.052739736,0.5708646,0.5807525,0.6331991,0.6800777,-0.6629339,0.51295227,0.7335845
405,0.13899167,0.4748304,0.43110684,0.51180667,0.45381722,-0.39050752,0.36747918,0.5700043
406,0.7243331,0.6506309,0.6406821,0.6100428,0.63389665,-0.7706909,0.5489181,0.64854354
407,0.7387463,0.65458995,0.67666036,0.604595,0.55591893,-0.62074965,0.5752148,0.7027169
408,0.58418393,0.8032625,0.70897573,0.7532481,0.73095274,-0.77517456,0.61085117,0.8416089
409,1.0686085,0.51399004,0.69685906,0.53035945,0.60990816,-0.5845351,0.7401353,0.58550316
410,0.25679612,0.6257895,0.5703219,0.57215494,0.4631977,-0.6127081,0.46231604,0.63263786
411,0.77353543,0.5439848,0.709877,0.65204257,0.5868759,-0.61768275,0.73374873,0.5560302
412,0.5124847,0.66306686,0.6151279,0.72130007,0.6840123,-0.7647335,0.7516851,0.7373047
413,0.6406792,0.7088178,0.7214753,0.6756283,0.71624345,-0.7258154,0.5084371,0.58671224
414,0.31931522,0.83043784,0.66375095,0.7787421,0.6943812,-0.7116501,0.4730077,0.759878
415,0.6797985,0.7053315,0.73931485,0.7288033,0.67194194,-0.7526361,0.72764945,0.74473566
416,0.9602452,0.6551325,0.8225429,0.8033403,0.77516896,-0.8774825,0.6412057,0.75673836
417,0.72544426,0.5750227,0.5822237,0.73484665,0.6836625,-0.69908655,0.39444032,0.7234175
418,0.15646352,0.47504115,0.48133624,0.5788313,0.48843697,-0.53036505,0.6117487,0.47117803
419,0.44056362,0.7506861,0.58868426,0.75242764,0.6697494,-0.6517299,0.7059663,0.62503886
420,0.58161,0.5994957,0.6092126,0.66887254,0.7281961,-0.7354733,0.5381577,0.7000949
421,0.699909,0.66030383,0.63034177,0.58318776,0.73480284,-0.66352654,0.64202076,0.57786566
422,0.748039,0.6822542,0.7541919,0.68040425,0.6186258,-0.7533519,0.5732924,0.69922423
423,0.48614454,0.81606406,0.6942392,0.7263126,0.6730586,-0.67448723,0.54689044,0.6620637
424,0.2583882,0.60846806,0.66272897,0.6116436,0.64346117,-0.62535,0.53136736,0.6879934
425,0.5295549,0.6149604,0.61566937,0.47943604,0.49935952,-0.54474944,0.65971226,0.53034365
426,0.86829966,0.61112624,0.62303966,0.61032844,0.5611705,-0.5846271,0.73099554,0.5489276
427,0.22144377,1.0020909,0.6400355,0.79894197,0.79371405,-0.8719814,0.612805,0.9174645
428,0.3370808,0.8004651,0.6169668,0.7754949,0.76054484,-0.7986842,0.74087846,0.86971456
429,0.71868837,0.605995,0.7986618,0.64502037,0.61718965,-0.6185686,0.6035593,0.6513927
430,0.65414244,0.7041037,0.6248074,0.5309154,0.66302246,-0.5920588,0.67737025,0.60041916
431,0.12623544,0.6399972,0.5284333,0.70504653,0.5715991,-0.69209445,0.57967466,0.7964193
432,0.33147117,0.70644855,0.78541833,0.76815075,0.7464982,-0.66674167,0.5797051,0.7512061
433,0.6722736,0.6636664,0.6311834,0.588646,0.58714485,-0.6923273,0.5975278,0.5715365
434,0.70235837,0.62745273,0.77296376,0.82298684,0.7296858,-0.7388758,0.6277535,0.78790754
435,0.4185912,0.68425745,0.6980034,0.7155135,0.67133373,-0.80556256,0.57957286,0.8055694
436,0.7503803,0.74800736,0.8362692,0.7054712,0.71552306,-0.7148938,0.6718477,0.73613864
437,0.8278213,0.61227685,0.6719942,0.6029798,0.62120676,-0.57764864,0.6848651,0.61384976
438,0.40409476,0.7202606,0.74880695,0.8567632,0.84554535,-0.8284679,0.5774654,0.72687083
439,0.39963815,0.58987445,0.65954876,0.6566349,0.6854427,-0.73444706,0.67301565,0.61531496
440,0.85832125,0.79196835,0.68966323,0.661182,0.6493466,-0.9133048,0.648688,0.79402995
441,0.57757837,0.70897233,0.59147847,0.6833731,0.6860752,-0.6628222,0.731069,0.7212874
442,0.80056286,0.59638184,0.66086817,0.6521824,0.657468,-0.5540679,0.5718697,0.5188725
443,-0.032309514,0.7056594,0.63970244,0.7951919,0.73103046,-0.7548245,0.59077966,0.7457894
444,0.4451948,0.68544483,0.64912564,0.7464567,0.79741603,-0.7437978,0.7327416,0.6913748
445,0.6076622,0.37786856,0.3282705,0.31588182,0.34213504,-0.45021656,0.42225206,0.4136969
446,0.058264595,0.61832124,0.44692242,0.474153,0.44408202,-0.54195243,0.3579216,0.6002038
447,0.84741503,0.6608726,0.6194159,0.6516957,0.72388583,-0.674587,0.62561274,0.59783113
448,0.6301927,0.6414897,0.6777565,0.6420517,0.55779386,-0.6003581,0.55035037,0.6793522
449,0.96449536,0.45279258,0.7379158,0.6188264,0.68756765,-0.7129557,0.802774,0.59001076
450,0.867613,0.5805803,0.73870695,0.8164995,0.77593076,-0.73576933,0.75829196,0.8697899
451,-0.35406536,0.67586136,0.58132935,0.7673067,0.6342811,-0.8105837,0.35640627,0.79427016
452,0.80004513,0.50673807,0.58943784,0.58698034,0.595224,-0.619206,0.5860101,0.67700875
453,0.43233964,0.64375967,0.72073597,0.69772553,0.6479879,-0.5855573,0.53766716,0.76396674
454,0.08030248,0.5694128,0.5939005,0.7141629,0.57751346,-0.6744603,0.31107804,0.7494205
455,0.6439103,0.69231075,0.70798403,0.58888346,0.72534937,-0.6917869,0.54903895,0.6229113
456,0.8134162,0.6484091,0.7910144,0.5479705,0.56962115,-0.621176,0.604159,0.5757239
457,1.0911307,0.7479933,0.8051117,0.6927144,0.7358662,-0.75214857,0.84207976,0.7469736
458,0.77119946,0.72083515,0.6318322,0.55710673,0.7132677,-0.7167183,0.48961294,0.6809536
459,0.19933015,0.61530995,0.7044876,0.77090645,0.7732412,-0.67978394,0.3954725,0.77776754
460,0.56139976,0.66323435,0.6501963,0.5546392,0.63527846,-0.60986274,0.3740757,0.78818285
461,0.14997019,0.63079673,0.46898317,0.51742595,0.49105766,-0.5004428,0.556359,0.50803494
462,0.31335136,0.9115768,0.6318063,0.8399083,0.8301833,-0.7558338,0.60371625,0.84857404
463,0.26842335,0.75953805,0.5855558,0.6719076,0.6085586,-0.6203423,0.44883797,0.6395252
464,0.36024755,0.8651863,0.8169187,0.74068975,0.62400997,-0.7805916,0.75022537,0.81332713
465,0.51217955,0.6753708,0.60978574,0.5878576,0.64040446,-0.54571515,0.51516736,0.60813236
466,0.4815561,0.61913276,0.5895752,0.70782447,0.5253223,-0.76424164,0.6309149,0.7523486
467,0.6338517,0.67221117,0.64136297,0.6654789,0.65082157,-0.5490268,0.6451147,0.6824437
468,0.8407763,0.6180345,0.71760947,0.6201937,0.75957286,-0.75068927,0.7606535,0.72751606
469,1.0034957,0.679055,0.61393774,0.7165674,0.6382459,-0.7307742,0.71419764,0.633501
470,0.48112196,0.6730853,0.5462094,0.7364616,0.66227037,-0.68315816,0.42608336,0.66390157
471,0.5823004,0.5993448,0.46881324,0.51607126,0.6730142,-0.49267492,0.62501276,0.58560574
472,0.81977874,0.70463353,0.8475347,1.056933,0.8309313,-0.9546344,0.83788764,0.9407556
473,0.5772721,0.73881304,0.68245184,0.6393644,0.63648796,-0.68755686,0.5589857,0.6724971
474,0.9112918,0.70292145,0.72422534,0.7295805,0.6398325,-0.8128686,0.67255497,0.6487776
475,0.5875029,0.6722218,0.6469853,0.612158,0.58089656,-0.56128645,0.7021459,0.6784518
476,0.65478307,0.68109465,0.64202327,0.76891404,0.60181063,-0.64723486,0.69910336,0.5859242
477,0.8538892,0.7983673,0.72879726,0.8850364,0.8934082,-0.80505836,0.80677366,0.74562496
478,0.6177146,0.6905082,0.6542584,0.6714064,0.6754892,-0.65687484,0.5225893,0.6422525
479,0.9295817,0.49424326,0.6689594,0.6042875,0.48307198,-0.61560637,0.7150418,0.6902058
480,0.90547025,0.51102465,0.6314405,0.50839543,0.53992033,-0.6078336,0.69768983,0.55626607
481,0.6294604,0.6361479,0.69579136,0.7655655,0.56195265,-0.7013864,0.6461211,0.7082883
482,0.081955835,0.7376919,0.52859795,0.61405784,0.645772,-0.7127935,0.49544838,0.65678966
483,0.49864477,0.4694479,0.5642979,0.62465715,0.59737,-0.45060742,0.47907963,0.59212416
484,0.8399232,0.6495441,0.72279763,0.7425042,0.77490777,-0.686486,0.77267087,0.78191096
485,0.28976732,0.63397676,0.57495064,0.6527986,0.5961882,-0.5964314,0.41618124,0.55240005
486,1.0043763,0.71701396,0.5319426,0.6191185,0.57438046,-0.52541584,0.52755183,0.71576345
487,0.95018524,0.5951537,0.593721,0.69660956,0.83566964,-0.681458,0.6608645,0.6788837
488,0.54116225,0.6109251,0.48390198,0.69080496,0.5854255,-0.58664083,0.5366498,0.61027324
489,0.2564254,0.84334725,0.91584384,0.93164384,0.83964676,-1.0133414,0.5120895,0.8742539
490,0.4931054,0.5510501,0.5071611,0.5110177,0.4575946,-0.5183228,0.5258874,0.55666405
491,0.64826745,0.6733039,0.664235,0.71135366,0.77586275,-0.6332373,0.5312324,0.59986717
492,0.5167666,0.6872544,0.4332632,0.6014547,0.6023319,-0.57747686,0.6296606,0.6657838
493,0.5249646,0.75419915,0.7423798,0.76595247,0.6838922,-0.65614545,0.6406594,0.6609034
494,0.7035822,0.7059719,0.66714877,0.67622256,0.80583024,-0.67400163,0.59516656,0.706846
495,0.8684143,0.6302911,0.90183663,0.7624975,0.70295334,-0.7338878,0.74619913,0.7865817
496,0.57267314,0.594518,0.4500132,0.6699736,0.4705686,-0.5565664,0.41334462,0.6192174
497,0.5462349,0.6021022,0.62752527,0.6925536,0.6537023,-0.6253655,0.6567752,0.6709178
498,0.85457885,0.4558501,0.6650549,0.37416372,0.54132646,-0.5314677,0.62894577,0.6150654
499,0.6618104,0.7457185,0.77743626,0.516864,0.6183965,-0.7165535,0.6873874,0.6399528
500,0.7671317,0.5635136,0.75699353,0.6506021,0.60449797,-0.650018,0.5128288,0.6593095
501,0.6724398,0.70110875,0.6946839,0.7302003,0.76089907,-0.8215437,0.7065841,0.731011
502,-0.2341333,0.68788433,0.54400015,0.7305174,0.5928402,-0.62050444,0.56322765,0.724173
503,0.66426796,0.69601244,0.7273397,0.68916106,0.7416551,-0.7605648,0.8429842,0.63565147
504,0.43519357,0.762848,0.6974558,0.8557964,0.804208,-0.71181214,0.730428,0.77383673
505,0.39564314,0.6381823,0.5036832,0.72594786,0.6690511,-0.6614829,0.588089,0.6556659
506,0.68382466,0.7685571,0.66639656,0.7263808,0.6054515,-0.72458774,0.69183946,0.75075275
507,0.61289555,0.9074195,0.91186476,1.0627595,0.8779666,-0.9246297,0.8172706,0.8697588
508,0.79102725,0.6003277,0.6117083,0.60934496,0.6114018,-0.7072156,0.7097999,0.63818854
509,0.14766051,0.5648796,0.5478612,0.59481436,0.44931775,-0.49366844,0.38879544,0.5604134
510,-0.2985697,0.5801572,0.5839452,0.7188111,0.54686904,-0.71433663,0.34150124,0.6521437
511,0.47524956,0.90545005,0.7668626,0.75341195,0.61508095,-0.84341675,0.80498046,0.7851114
512,0.81431705,0.73551154,0.61106837,0.7481186,0.7600305,-0.7239672,0.59741634,0.73874545
513,0.55951154,0.8706535,0.6798698,0.85376954,0.79829985,-0.8239652,0.6810682,0.86125505
514,0.69725907,0.6883041,0.6416572,0.7182178,0.78412634,-0.68129605,0.76401526,0.6662439
515,-0.13150133,0.5977648,0.5136473,0.6921,0.49625054,-0.56132907,0.50757563,0.6032493
516,0.6269129,0.7398654,0.73624265,0.7224433,0.63876796,-0.74054366,0.69311327,0.7057203
517,0.5540068,0.5669365,0.5535722,0.6021795,0.5632854,-0.67304087,0.41295484,0.6347311
518,0.5407827,0.73781675,0.7195202,0.9590844,0.80055827,-0.7185143,0.47702962,0.721299
519,0.80141264,0.94146436,0.8993612,0.7599707,0.86362416,-0.9363664,0.75858504,0.80098826
520,0.35306302,0.77029395,0.72741973,0.66810066,0.607139,-0.6844577,0.46483633,0.725508
521,0.5300998,0.6252485,0.5805246,0.5715758,0.47780785,-0.583193,0.70690376,0.5856655
522,0.6412753,0.77604854,0.69504416,0.580136,0.6776673,-0.7522508,0.7264232,0.7415207
523,0.7751781,0.80283326,0.9071155,0.79771215,0.8177625,-0.86336434,0.80195254,0.6838735
524,0.5927341,0.6297982,0.68139184,0.74579024,0.5284281,-0.6724191,0.518944,0.7800474
525,0.33910364,0.7168303,0.6756848,0.7559952,0.6188646,-0.5748945,0.5519491,0.67005944
526,0.7835314,0.6379559,0.63535917,0.5386262,0.62290794,-0.56610966,0.5674333,0.64845335
527,0.8593028,0.57084364,0.71181655,0.5863089,0.55845606,-0.69008964,0.7455145,0.559719
528,0.6365033,0.61286575,0.5905712,0.6808276,0.71566635,-0.6812094,0.6217738,0.66813916
529,0.039339166,0.7768326,0.59768665,0.70259994,0.64629537,-0.7495357,0.68891066,0.84043914
530,0.8102964,0.6071185,0.6652569,0.64026326,0.6821279,-0.56047314,0.6126784,0.6264603
531,0.14839953,0.7787375,0.624724,0.72511804,0.6519989,-0.74588615,0.43814287,0.7454221
532,0.88875455,0.7623143,0.89640665,0.9983964,0.8260874,-0.7364676,0.7773421,0.6725451
533,0.48151195,0.6803333,0.5358257,0.7965494,0.57041585,-0.6336569,0.51621467,0.67451656
534,0.5445591,0.7455108,0.9858652,0.8253955,0.94292563,-0.8346226,0.7130187,0.75428516
535,0.79240125,0.61040425,0.68429583,0.6222155,0.7571393,-0.64215374,0.6239176,0.779011
536,0.7833757,0.6056732,0.6941527,0.78227437,0.7735308,-0.6174115,0.7662659,0.6948673
537,1.067791,0.41425374,0.51511973,0.27837512,0.4697993,-0.63084036,0.55461764,0.49447903
538,0.6552076,0.57866603,0.6372312,0.66374207,0.60101366,-0.57734185,0.62257504,0.61683977
539,0.5451571,0.78223747,0.7396973,0.71113133,0.66947854,-0.7501247,0.59280086,0.73198974
540,0.60954,0.7383076,0.7145711,0.74135715,0.7193211,-0.63984805,0.63509053,0.6522547
541,0.7988635,0.6168088,0.6362862,0.5955199,0.83946073,-0.7224296,0.70275134,0.711121
542,0.884196,0.5858653,0.6914703,0.5611854,0.64101386,-0.616552,0.5509977,0.6204517
543,0.87676185,0.54785615,0.7364631,0.55653876,0.66563755,-0.5975157,0.69120854,0.5704635
544,-0.12858531,0.59359294,0.53868574,0.47329092,0.5417211,-0.57273436,0.44176742,0.63692683
545,0.6961148,0.60393274,0.610004,0.7423718,0.7151366,-0.72850007,0.61136407,0.71833396
546,1.117983,0.6084495,0.74100816,0.7810587,0.6910309,-0.7410876,0.73452306,0.7489636
547,0.21720603,0.66754633,0.5985239,0.67336094,0.66824347,-0.7040076,0.5648869,0.6714909
548,0.69532925,0.64084464,0.67780226,0.8316049,0.60415393,-0.75617087,0.6247031,0.73010993
549,0.38426962,0.73187566,0.6345205,0.8163366,0.75375664,-0.6799594,0.63442284,0.7338363
550,0.13148187,0.5632823,0.669012,0.8513221,0.64972115,-0.7533552,0.5769613,0.81656396
551,0.67492044,0.7966618,0.75930977,0.7254009,0.6665122,-0.8089337,0.79090273,0.80923593
552,0.44906914,0.5466168,0.6461608,0.6777714,0.6620378,-0.67130506,0.4223913,0.5805507
553,0.85448766,0.622489,0.7634098,0.6907054,0.6105252,-0.7245856,0.7269178,0.6593467
554,0.71478575,0.6462606,0.6498434,0.6627304,0.7304344,-0.6168535,0.5826822,0.67981815
555,0.76363564,0.6782379,0.76425606,0.6892154,0.6970596,-0.67586064,0.73780835,0.76240957
556,0.8328373,0.6700136,0.72699696,0.5773705,0.6875512,-0.7089751,0.8170459,0.6403499
557,0.42046636,0.7111163,0.66988,0.728399,0.6897517,-0.68458116,0.61198115,0.76206416
558,0.66890216,0.724295,0.7786824,0.7472032,0.6781122,-0.7096063,0.78206855,0.7665814
559,0.608591,0.5673087,0.6716035,0.72314656,0.59655,-0.64744234,0.5168856,0.6218803
560,0.5756149,0.7700767,0.6348012,0.5927569,0.61933476,-0.69752145,0.6460496,0.6138382
561,0.87182117,0.4154186,0.6412337,0.30966714,0.6182452,-0.71858007,0.5919256,0.6017571
562,0.5501059,0.63111687,0.65606046,0.6235746,0.66587406,-0.58814514,0.62478775,0.638406
563,0.5664135,0.81282485,0.68508726,0.7513699,0.7278103,-0.73129684,0.6793366,0.7277328
564,0.3654699,0.7601605,0.57257575,0.7492557,0.62448573,-0.60733813,0.41773382,0.64330447
565,0.851251,0.7380104,0.7598534,0.7648555,0.7527342,-0.7228655,0.8680509,0.760711
566,0.8269223,0.6204441,0.7281347,0.6086215,0.5074369,-0.6760916,0.6106534,0.5765123
567,0.8725593,0.656975,0.6858182,0.4883263,0.6115486,-0.7616322,0.73924613,0.58809704
568,0.8911671,0.5053755,0.65011203,0.56109834,0.45859227,-0.47681916,0.6219162,0.4567324
569,0.6236475,0.6721162,0.6131546,0.73746544,0.665551,-0.632302,0.5848798,0.6383565
570,0.19285296,0.6551073,0.42453092,0.46204597,0.5016887,-0.5946193,0.36681622,0.46062928
571,0.6045865,0.48808402,0.6288685,0.58517087,0.5148609,-0.44892687,0.6927605,0.60710365
572,0.21294327,0.5820878,0.55257696,0.6572551,0.6257809,-0.6820399,0.53861916,0.6843262
573,0.6421443,0.59978473,0.6482588,0.53756475,0.6503315,-0.57345194,0.6627371,0.5724488
574,0.30546296,0.6394843,0.63349396,0.7342465,0.65656424,-0.6969297,0.40619949,0.6217571
575,0.4959017,0.4811135,0.4607419,0.49579713,0.5388683,-0.50184923,0.5337621,0.5482641
576,0.54713064,0.6250465,0.5882533,0.6553414,0.71541464,-0.67948663,0.524056,0.59149677
577,0.6325147,0.63965493,0.67433107,0.79387003,0.7910738,-0.6999459,0.68949884,0.8458485
578,-0.022979276,0.6072099,0.38044056,0.64160407,0.6363252,-0.57206446,0.42301553,0.6055041
579,0.57746035,0.63555104,0.6027617,0.5926858,0.6347356,-0.59294796,0.5482555,0.57615554
580,0.45070362,0.69276696,0.7926234,0.74407417,0.6129053,-0.84247345,0.6986838,0.72041273
581,0.7612585,0.69456935,0.6924546,0.60498995,0.81948763,-0.72594017,0.80425024,0.586294
582,0.47278485,0.6586327,0.6907286,0.5931498,0.6175441,-0.67380375,0.55920607,0.6436195
583,0.7118739,0.73187333,0.8114135,0.72146165,0.7929297,-0.659868,0.7735858,0.7746659
584,0.45175698,0.5658859,0.5190734,0.76720077,0.6070437,-0.49256048,0.62618697,0.71169865
585,0.91688997,0.53204274,0.6152389,0.6611266,0.6111015,-0.7346515,0.64060664,0.65292054
586,0.4372031,0.61432683,0.64238286,0.74764687,0.544641,-0.67452765,0.67040616,0.7228012
587,0.17654876,0.82756525,0.7187887,0.7183058,0.549314,-0.5810972,0.5106515,0.63844603
588,0.6404361,0.7195252,0.55934703,0.79910856,0.8838636,-0.72779226,0.68780893,0.7797551
589,-0.16711761,0.7667688,0.59445804,0.66217244,0.6088352,-0.68371767,0.6298209,0.7552333
590,0.61327416,0.74548423,0.60071856,0.6928818,0.6014899,-0.6378329,0.5413591,0.7692718
591,0.7870329,0.5405771,0.8003658,0.60103226,0.57669187,-0.6354031,0.6309942,0.6497595
592,1.4049994,0.6940802,0.7809623,0.59339386,0.7511634,-0.6674824,0.67159253,0.560202
593,0.70109963,0.63698053,0.7161627,0.72406334,0.6749652,-0.7416427,0.5671009,0.71110517
594,0.308774,0.65943086,0.49562237,0.6393318,0.59675926,-0.5904154,0.4834476,0.6965471
595,0.73813003,0.8309542,0.6747165,0.5220927,0.6692195,-0.71570265,0.54346395,0.6486604
596,0.34239206,0.7911207,0.6272282,0.72961295,0.6571075,-0.7177834,0.71282375,0.7243578
597,0.71184325,0.6760774,0.7707579,0.7260018,0.7884384,-0.7074333,0.6622398,0.65207607
598,0.08824764,0.7305861,0.5977592,0.76082623,0.72890526,-0.74119276,0.45808503,0.85995615
599,0.664768,0.8301103,0.7779906,0.8279764,0.8487252,-0.6863667,0.6955214,0.82399774
600,0.81909126,0.68495697,0.69416285,0.6927225,0.6121498,-0.65894824,0.69882107,0.68815976
601,0.71312195,0.5497768,0.61741483,0.5439622,0.536892,-0.5768696,0.48284736,0.58627594
602,0.27488482,0.7528111,0.7468665,0.8182696,0.75209934,-0.83148277,0.77905893,0.8332003
603,0.5752022,0.6969526,0.610764,0.7510424,0.6499525,-0.6708894,0.66204154,0.7358024
604,0.5180574,0.614149,0.58308166,0.62009907,0.59648937,-0.5827209,0.6003231,0.60137826
605,0.72044885,0.7424257,0.67493135,0.57843345,0.59409875,-0.6451604,0.6817794,0.6852615
606,0.65924674,0.82080275,0.66715467,0.77310985,0.778364,-0.8530019,0.6058161,0.7001507
607,0.6170005,0.6206437,0.6437888,0.56540394,0.6297147,-0.6569473,0.71727234,0.64572567
608,0.83395636,0.5455862,0.6709858,0.6135438,0.57444507,-0.7247439,0.73634577,0.64469683
609,0.50575924,0.62630045,0.5617346,0.59914154,0.5910103,-0.5407365,0.48170215,0.52730745
610,0.81528157,0.5577079,0.5609009,0.7127265,0.53210646,-0.6443804,0.73623306,0.6291299
611,0.23707524,0.82445985,0.59441835,0.70069844,0.758314,-0.8172255,0.50958145,0.7506354
612,0.6229231,0.7725057,0.5836902,0.6801275,0.68948036,-0.6947968,0.6401618,0.6096286
613,0.66151214,0.8264458,0.7045245,0.7838956,0.68292195,-0.7498746,0.7071614,0.72030514
614,0.4677947,0.5325811,0.61602044,0.6491815,0.6998266,-0.587769,0.4355277,0.6073306
615,1.1032476,0.55182403,0.67201793,0.5927976,0.54881173,-0.71437025,0.8903889,0.56233495
616,0.19881496,0.7930229,0.5543457,0.7427026,0.62363803,-0.7580667,0.3676217,0.7653512
617,0.76596266,0.46029046,0.4616806,0.2928348,0.49380767,-0.544313,0.58201176,0.39244732
618,0.63090014,0.682087,0.5428805,0.67431664,0.5989991,-0.6523646,0.5610503,0.6147721
619,0.63519275,0.6384342,0.6234243,0.7269948,0.6592866,-0.71795815,0.6585735,0.644496
620,0.6261854,0.6871487,0.7176922,0.83857083,0.862709,-0.8270306,0.78279287,0.90275276
621,0.66948617,0.62489945,0.6548197,0.79980034,0.8043702,-0.7402439,0.7723939,0.7733653
622,0.79305,0.6602572,0.5341406,0.67751,0.68053615,-0.6740542,0.62321347,0.6959248
623,0.7870132,0.5866489,0.61226994,0.67953205,0.65278417,-0.52876234,0.636783,0.5585722
624,0.8208954,0.7783177,0.72656,0.6236994,0.73240507,-0.74871606,0.6027177,0.6695435
625,0.58339405,0.6020814,0.5275161,0.66406316,0.56317407,-0.6950974,0.6192842,0.6368744
626,0.012386902,0.51451737,0.39519763,0.43108448,0.4620175,-0.5137256,0.3297467,0.53449357
627,0.58489764,0.530672,0.6555384,0.59676874,0.665532,-0.6469515,0.52760017,0.6616948
628,0.4666493,1.0471852,0.83517295,0.9023684,0.8578364,-0.82993853,0.6525437,0.917236
629,0.8907463,0.6471391,0.7795841,0.744023,0.7179747,-0.68398833,0.77348495,0.690571
630,0.33401793,0.6290205,0.5998535,0.8042589,0.77400875,-0.6331831,0.4424517,0.78975093
631,0.17327917,0.72708917,0.5418782,0.65861064,0.54598564,-0.73745114,0.6180633,0.70642084
632,0.75820905,0.6239588,0.6584586,0.6926236,0.68249327,-0.59207124,0.65862936,0.65395766
633,0.5906007,0.52646637,0.5864597,0.61408085,0.548899,-0.5820438,0.62368953,0.5895279
634,0.29474822,0.64627355,0.6592771,0.80123395,0.76618755,-0.6929093,0.5126494,0.7040355
635,0.33734673,0.63811725,0.5230687,0.65209407,0.6046341,-0.6584773,0.6375091,0.68073153
636,0.8564184,0.78840214,0.7298164,0.7854528,0.77899474,-0.79173875,0.83599997,0.74597025
637,0.21506299,0.5459106,0.54341114,0.70431006,0.5953303,-0.45857042,0.2750991,0.53169465
638,0.49583542,0.6430181,0.5864334,0.7027881,0.60189754,-0.68726957,0.5463551,0.60833657
639,0.7682119,0.49797872,0.5122699,0.5563771,0.4463392,-0.54332405,0.551888,0.4932264
640,0.7895977,0.80924577,0.721191,0.84333074,0.8117211,-0.8365313,0.7667563,0.8314771
641,0.7534194,0.73177135,0.7217003,0.5931392,0.6873979,-0.66429996,0.646592,0.6589336
642,0.71691984,0.672074,0.7381222,0.9658856,0.9553374,-0.7136114,0.75849503,0.6351173
643,0.7369652,0.7660433,0.71330225,0.6208276,0.65368456,-0.7498136,0.66595304,0.7172015
644,0.16797084,0.74021584,0.6283041,0.9039945,0.8631283,-0.8702571,0.58143455,0.98554665
645,1.1754097,0.479446,0.74334157,0.4798313,0.6292376,-0.66472185,0.7352582,0.61887777
646,-0.02281982,0.6271588,0.43128833,0.6845849,0.5071381,-0.59584284,0.50554454,0.6584657
647,0.8113162,0.70455337,0.67038304,0.7032084,0.7186001,-0.6354012,0.6785537,0.660424
648,0.63824755,0.58609325,0.559386,0.74279594,0.6860963,-0.69011074,0.6990664,0.60994965
649,0.3565774,0.69755536,0.6840393,0.65821207,0.7092197,-0.6963834,0.593402,0.6280116
650,0.65397966,0.55803144,0.6497594,0.5788462,0.6096377,-0.6852736,0.60561144,0.5785085
651,0.43321815,0.66250706,0.53984666,0.518143,0.6401904,-0.729562,0.58948874,0.6702251
652,0.122018054,0.58481026,0.48710117,0.7271074,0.62053174,-0.5588723,0.47559875,0.67833096
653,0.11502925,0.5219132,0.44458273,0.7444987,0.62639445,-0.7158254,0.34038943,0.7112251
654,0.67803675,0.6857653,0.5552525,0.68005794,0.6951411,-0.7330847,0.626385,0.809392
655,1.0276804,0.2696027,0.62986535,0.4409171,0.44532943,-0.5776754,0.51996917,0.70369637
656,0.17700735,0.60398835,0.41027695,0.361248,0.4192174,-0.42609838,0.5443032,0.51933765
657,0.6195878,0.5588038,0.5609152,0.51617646,0.70580876,-0.6555803,0.61603445,0.6480108
658,0.6390899,0.6560475,0.61850035,0.53628343,0.6118023,-0.613337,0.67357177,0.7094855
659,0.67951983,0.80048233,0.67888147,0.5176255,0.6452118,-0.63816667,0.8292718,0.62719315
660,0.3648443,0.4898243,0.47501165,0.5209129,0.49637794,-0.64537865,0.42096972,0.6248806
661,0.89823174,0.6780449,0.5822171,0.6056846,0.6129529,-0.6590507,0.71681,0.69066525
662,0.83283395,0.6673571,0.653687,0.7037477,0.759412,-0.71516174,0.69992906,0.74174386
663,0.5868242,0.6720279,0.69916725,0.7863982,0.77165914,-0.6655704,0.6694238,0.64589065
664,0.81865656,0.65607756,0.6604243,0.47020045,0.63784826,-0.66789746,0.7282,0.6139706
665,0.5647356,0.6310567,0.6496179,0.6811547,0.66584164,-0.6886262,0.56640583,0.699539
666,0.8674873,0.65240335,0.7439732,0.43367365,0.5285904,-0.71305466,0.7223628,0.6995191
667,0.75569195,0.6130542,0.6650553,0.51289284,0.6557617,-0.65485555,0.7352163,0.6542579
668,0.42167786,0.6098812,0.51756173,0.6666742,0.5877078,-0.6868696,0.66130805,0.76172173
669,0.94916314,0.5624909,0.5897257,0.4266292,0.50067794,-0.5743962,0.7348658,0.48836175
670,0.87189376,0.52821344,0.71089506,0.60828805,0.5660509,-0.5734424,0.707993,0.48244548
671,0.6088538,0.6763839,0.6149155,0.78060156,0.70199573,-0.6739752,0.6535252,0.7793869
672,0.60133517,0.6778969,0.6642552,0.67903924,0.6368029,-0.57478327,0.70744187,0.6029628
673,0.37342516,0.8057213,0.6370048,0.6575757,0.6968109,-0.75996137,0.6050843,0.782578
674,0.56651115,0.65379727,0.74669456,0.70354354,0.79161966,-0.69645077,0.507228,0.6620565
675,0.70551556,0.650806,0.648122,0.5587831,0.47782248,-0.709005,0.69143564,0.79334617
676,0.80890393,0.6592549,0.65951055,0.747781,0.6266066,-0.6467099,0.6930752,0.7088149
677,0.103200294,0.65097606,0.67573446,0.8355111,0.7080357,-0.8662761,0.6124638,0.84051734
678,0.30208316,0.66722685,0.6062461,0.7084455,0.6404633,-0.5952334,0.5863696,0.68765867
679,0.58024514,0.6500108,0.62421936,0.60911834,0.6750608,-0.6335916,0.65930814,0.6375552
680,0.6065217,0.71965516,0.7066227,0.71524847,0.7082575,-0.6717242,0.5571148,0.7346696
681,0.3383729,0.67430997,0.6215884,0.6327595,0.49216935,-0.62892693,0.47325563,0.69299865
682,0.84402937,0.52572626,0.67316985,0.6741093,0.65187794,-0.5577032,0.5469243,0.6329567
683,0.388677,0.5749767,0.5891026,0.56727695,0.65963674,-0.61062163,0.5842061,0.5753425
684,0.85502017,0.63287634,0.70756644,0.55606437,0.67416793,-0.54921836,0.6065008,0.52900755
685,0.5691556,0.41678455,0.33712044,0.4209073,0.3806048,-0.38679075,0.3895007,0.5000999
686,0.83717716,0.75626934,0.86145955,0.64138466,0.713306,-0.7930928,0.76285124,0.8439788
687,0.38029724,0.7675409,0.69679815,0.7104187,0.72119886,-0.67244375,0.8170373,0.7094346
688,0.4944198,1.0627979,0.99868184,1.0940953,0.8927969,-1.012505,1.0158899,1.041921
689,0.3604567,0.7475953,0.6652992,0.76833594,0.71889424,-0.7253038,0.60201967,0.74057055
690,0.54952866,0.6388844,0.59236884,0.6712681,0.576507,-0.558063,0.6777931,0.59213364
691,0.6858724,0.76111984,0.8328792,0.76307774,0.66280323,-0.67459416,0.7687459,0.59024113
692,0.40686598,0.5580958,0.6885489,0.54436815,0.5887365,-0.67002314,0.47914642,0.55986774
693,0.46086714,0.5952324,0.51915365,0.54507506,0.6016187,-0.6165975,0.57893217,0.5627611
694,0.9913867,0.70449185,0.72544706,0.70142245,0.6971296,-0.6803506,0.78275055,0.58171535
695,0.5449003,0.7134325,0.7715805,0.5226625,0.60049134,-0.6904839,0.687327,0.6684287
696,0.7600751,0.7192644,0.73981214,0.74711907,0.55841476,-0.7204667,0.61779,0.74902326
697,0.6377039,0.7047525,0.7217015,0.79194206,0.9084437,-0.8382249,0.5596553,0.7260299
698,0.3851173,0.534683,0.46969864,0.4672769,0.51679575,-0.57261866,0.4993002,0.46003357
699,0.30249456,0.59876335,0.6083411,0.63550574,0.7422095,-0.6164909,0.41302207,0.786667
700,0.61999464,0.53353566,0.5524813,0.7160274,0.6324058,-0.64152855,0.646996,0.62043995
701,0.3222374,0.82123524,0.7181189,0.7550006,0.64064604,-0.7730945,0.55234474,0.8522588
702,0.37135115,0.42765334,0.42900068,0.5377219,0.46201584,-0.48580733,0.5089261,0.52797323
703,0.6730948,0.6458937,0.70224184,0.6544576,0.6393687,-0.66638726,0.7009833,0.68925196
704,0.8443554,0.6147911,0.6632372,0.53296196,0.5301585,-0.67362505,0.64923215,0.6597342
705,0.56326073,0.6158745,0.7076593,0.75400597,0.83306044,-0.67877674,0.7153001,0.6913757
706,0.44197658,0.5231806,0.58255494,0.5921525,0.68541765,-0.68716455,0.6150247,0.6472678
707,0.5415805,0.7358368,0.70663124,0.6197614,0.65339506,-0.66759807,0.6311575,0.6739604
708,0.40053385,0.79585457,0.569995,0.7804593,0.7778854,-0.6787887,0.42639944,0.6674763
709,0.6509188,0.60183084,0.6551724,0.7875954,0.77981484,-0.6450635,0.61378634,0.7763911
710,0.8572865,0.6578301,0.62138176,0.52637154,0.6596547,-0.6978276,0.64509135,0.6227847
711,0.76415753,0.67868775,0.7133736,0.67585886,0.73351216,-0.72829735,0.80374545,0.7037243
712,0.7824075,0.63060844,0.6546263,0.8164819,0.8120177,-0.6586073,0.6222567,0.7755038
713,-0.030077983,0.71251136,0.3759346,0.4690197,0.42999032,-0.61658657,0.56572366,0.596748
714,0.27984762,0.6168518,0.6362327,0.7692238,0.6555339,-0.62029827,0.5338097,0.7039535
715,0.5202982,0.7082551,0.6825327,0.6973488,0.62913704,-0.6852135,0.55824417,0.6636482
716,0.77889633,0.62547445,0.7620418,0.69258946,0.7321272,-0.63663363,0.6614852,0.7763693
717,0.60727805,0.74385494,0.78641224,0.70651186,0.87137395,-0.7147861,0.59039015,0.8097897
718,0.6401435,0.69351816,0.66485757,0.79973274,0.7258793,-0.68430626,0.6381041,0.6540205
719,0.6155237,0.60597557,0.587703,0.5751338,0.53848225,-0.56031567,0.5681881,0.5525372
720,0.2954203,0.82942384,0.7340547,0.5387966,0.55062056,-0.72307765,0.63268167,0.7532129
721,0.49797922,0.6924799,0.64890605,0.830277,0.6379793,-0.6800214,0.5918667,0.80227655
722,0.6731863,0.7334895,0.7626123,0.67323893,0.82439554,-0.68951726,0.64791167,0.7439414
723,0.45396894,0.50180364,0.51968807,0.63183504,0.5398788,-0.548401,0.46819586,0.6512893
724,-0.4456191,0.5839572,0.46598762,0.44689298,0.47666758,-0.55572623,0.4910505,0.5263116
725,0.11057823,0.90301824,0.6321683,0.78183144,0.75272226,-0.71385723,0.50066465,0.80061436
726,0.47974223,0.6045496,0.47749296,0.57464707,0.64536935,-0.58654046,0.5196065,0.60007656
727,0.61744297,0.6302096,0.66792387,0.65792257,0.6359089,-0.67610294,0.56480384,0.6461328
728,0.24256901,0.69538486,0.6423363,0.7416886,0.7161353,-0.73499274,0.5452111,0.7008007
729,0.34833595,0.6315144,0.47364148,0.61586016,0.67592466,-0.6176232,0.5222144,0.5520132
730,0.38408306,0.584227,0.56957036,0.58531654,0.6195597,-0.53775644,0.50873995,0.63860154
731,0.7361094,0.5457864,0.58495945,0.4930638,0.6551819,-0.45891333,0.54586124,0.5462745
732,0.50921535,0.8066509,0.75552726,0.82639647,0.8278366,-0.8378637,0.68852335,0.80909246
733,0.66144025,0.7080275,0.58973885,0.51198703,0.63028383,-0.5602905,0.36329845,0.6232746
734,0.84287035,0.6295408,0.62580734,0.5901319,0.575426,-0.57894814,0.61084443,0.57282406
735,0.2412928,0.6543503,0.5699998,0.72400767,0.6834173,-0.6093277,0.44920763,0.60905087
736,0.542491,0.5472162,0.4960294,0.4825934,0.49581242,-0.57336056,0.54512954,0.6126681
737,0.5471334,0.71334153,0.63269985,0.5699786,0.650387,-0.6745939,0.63704485,0.65613085
738,0.6505132,0.63690376,0.6283023,0.6492618,0.667504,-0.7727103,0.6313541,0.6457339
739,0.5504875,0.53801644,0.5669641,0.5416387,0.5894676,-0.56916875,0.5496767,0.6106643
740,0.29841375,0.72076553,0.64418864,0.76197505,0.6566245,-0.6751269,0.7121619,0.61456454
741,0.8626707,0.63710856,0.6366182,0.5943069,0.5480103,-0.6088861,0.55998296,0.6652823
742,0.46648934,0.6285355,0.61543596,0.57819307,0.7009388,-0.5923549,0.51238716,0.6292993
743,0.4279962,0.6349695,0.59517604,0.6527902,0.6589088,-0.7146367,0.5984018,0.63226056
744,0.7315587,0.65410125,0.6320784,0.5629978,0.66245234,-0.65708756,0.7269196,0.6244327
745,0.6059544,0.5308024,0.465865,0.4774876,0.48107073,-0.52165186,0.5395826,0.5791005
746,0.56021446,0.7031519,0.58558106,0.732337,0.61281836,-0.6392897,0.63403076,0.58147395
747,1.1392037,0.6317661,0.6938149,0.8001585,0.7571762,-0.6842996,0.88020647,0.6644825
748,0.56545013,0.6464717,0.7085589,0.6521802,0.6542701,-0.65291107,0.6190484,0.5691731
749,0.72779137,0.6672955,0.66243047,0.755595,0.7055149,-0.7513334,0.61507493,0.84480125
750,-0.022810685,0.7287157,0.50606203,0.5487078,0.6069663,-0.66339904,0.47706476,0.7083234
751,0.7096862,0.6473087,0.59918857,0.65139717,0.7119848,-0.68014157,0.66796494,0.605987
752,0.06356246,0.6778392,0.6770116,0.61163247,0.55638134,-0.75144535,0.5450983,0.7094989
753,0.51375556,0.6953926,0.6179744,0.5437175,0.5693308,-0.57782036,0.5586043,0.6229749
754,0.6166692,0.5878096,0.6778379,0.61532295,0.6665366,-0.68008244,0.47786134,0.55899954
755,0.28299838,0.62389624,0.58633643,0.5975831,0.54058415,-0.5836118,0.56860137,0.7447484
756,0.49038833,0.62876254,0.6751055,0.74075437,0.67804575,-0.6457552,0.53736275,0.63703454
757,0.44230828,0.71679616,0.5836086,0.71801525,0.6083144,-0.6826787,0.66797864,0.6014308
758,1.0904013,0.74507046,0.8629032,0.5778223,0.59688157,-0.8366298,0.6570711,0.7592557
759,0.31373775,0.70328474,0.706642,0.79322225,0.87213093,-0.7207956,0.67907715,0.7919186
760,0.47238782,0.6813907,0.4791915,0.6786319,0.530517,-0.65478593,0.56841236,0.7091101
761,0.17630517,0.5648529,0.50678885,0.64129424,0.5849536,-0.6811487,0.3375254,0.6410187
762,0.63041115,0.52081025,0.52110255,0.51874334,0.5010743,-0.6795658,0.52623165,0.6204444
763,0.7825379,0.7339782,0.66486865,0.6303364,0.6542995,-0.69533545,0.7073359,0.76720643
764,0.75625855,0.67595315,0.6537744,0.7119445,0.77173257,-0.77234745,0.58282286,0.7089371
765,0.63111997,0.6654431,0.703239,0.6299426,0.80371875,-0.68438363,0.66082793,0.70254755
766,0.67755324,0.56052035,0.7170622,0.43753752,0.5569361,-0.6929187,0.6839948,0.6115996
767,0.8623075,0.74871063,0.64657164,0.7393744,0.76511127,-0.70071554,0.75412005,0.62423855
768,0.31997472,0.6893382,0.543337,0.689325,0.6065597,-0.64605093,0.60424227,0.7148596
769,0.5627817,0.7341117,0.5586706,0.66477144,0.6968718,-0.6912397,0.6204953,0.7273099
770,0.69192463,0.7652603,0.8111753,0.85803527,0.7501606,-0.8207894,0.6819298,0.78394103
771,0.5256858,0.66280043,0.5757614,0.7115812,0.67178345,-0.6073308,0.6397509,0.6986501
772,0.1312645,0.81631523,0.66683906,0.8666783,0.81230754,-0.81162226,0.46176842,0.88698685
773,1.0262498,0.4454921,0.7182215,0.45594066,0.5878925,-0.64509916,0.5687003,0.58972776
774,0.6340821,0.2961352,0.4589492,0.3106225,0.31071842,-0.39512798,0.55614686,0.35153505
775,0.3016901,0.7749032,0.71202075,0.69049674,0.59988976,-0.68149924,0.6045605,0.6567526
776,0.7295711,0.63360703,0.5820776,0.6163189,0.6092042,-0.6594897,0.7589175,0.68214107
777,0.64891577,0.59982985,0.57826924,0.74250597,0.6378659,-0.5598565,0.62934875,0.68038523
778,0.55502194,0.5562805,0.523581,0.55442816,0.49571002,-0.6127295,0.4356454,0.58308357
779,0.47918203,0.7196174,0.732185,0.78179437,0.70917624,-0.62284946,0.65301734,0.67761284
780,0.57614195,0.6733899,0.6351122,0.62827134,0.63019013,-0.5651005,0.65240693,0.61070395
781,0.73209554,0.5432803,0.6960127,0.5720111,0.63980955,-0.64963526,0.645726,0.58898425
782,0.18456452,0.67078745,0.9091987,0.699446,0.55225974,-0.7798845,0.20277192,0.8326928
783,-0.14409268,0.8752714,0.74237895,0.7551346,0.673658,-0.8263147,0.5671762,0.74814636
784,0.04013198,0.7275533,0.5932329,0.7850627,0.691336,-0.76363564,0.5371484,0.79139125
785,0.3470444,0.7524625,0.563249,0.67839783,0.69270855,-0.64626056,0.6300903,0.7169647
786,0.7131252,0.7586063,0.5070724,0.6143256,0.6788006,-0.7186585,0.64305526,0.787989
787,0.17827031,0.65899485,0.6128372,0.7311241,0.54005826,-0.7258666,0.54094666,0.7637324
788,0.4721609,0.66229063,0.61866605,0.62136155,0.58740556,-0.798519,0.6773305,0.6723835
789,0.5934312,0.5292869,0.72773224,0.67301494,0.67493725,-0.54669935,0.6198679,0.64920944
790,0.5960051,0.69820684,0.6191537,0.7483266,0.5631706,-0.5658854,0.48508522,0.5945726
791,0.20597571,0.6881176,0.5702584,0.75442237,0.6280888,-0.6331466,0.6531706,0.7512423
792,0.5905386,0.6333764,0.47290376,0.6360742,0.71356153,-0.6406619,0.54114306,0.68190414
793,0.5236025,0.7710947,0.69117016,0.7137684,0.6095707,-0.625274,0.6576156,0.7036851
794,0.862796,0.71731585,0.67818373,0.700835,0.6998551,-0.7004553,0.7529263,0.6553266
795,0.59297854,0.6491423,0.67882824,0.55171394,0.6300778,-0.73763514,0.61602885,0.5781665
796,0.6132801,0.633342,0.644534,0.88404816,0.86359197,-0.65681416,0.48972967,0.7787349
797,0.38382336,0.5434595,0.49000207,0.54724956,0.5307553,-0.5314156,0.4674561,0.62034947
798,0.42014444,0.4952527,0.801054,0.9647969,0.78730476,-0.5970699,0.5357923,0.76643
799,0.4566229,0.69898295,0.6045793,0.72273505,0.6873061,-0.71721804,0.65168726,0.72097355
800,0.4993216,0.7892641,0.6582356,0.8104166,0.7032858,-0.6711311,0.7303994,0.64724714
801,-0.025279205,0.8292425,0.74814063,0.8448699,0.7382014,-0.83070946,0.74864435,0.90717405
802,0.33204517,0.74347854,0.7105972,0.79559207,0.6843857,-0.7947327,0.52559644,0.8259575
803,0.34926322,0.7363735,0.7191392,0.59005237,0.48892948,-0.68415093,0.5517239,0.6550862
804,0.46739352,0.75591373,0.6853516,0.8492337,0.67004323,-0.8297637,0.53318125,0.82677144
805,0.81343395,0.55895936,0.68847275,0.5062169,0.5560693,-0.77587,0.6642021,0.5978721
806,0.9236858,0.67805904,0.59753627,0.65149266,0.696426,-0.71564245,0.661947,0.5852167
807,0.7280094,0.7357802,0.6442854,0.8368264,0.85084766,-0.75608516,0.7596604,0.6892217
808,0.28695968,0.90912986,0.69413126,0.8041617,0.78165334,-0.780644,0.61248016,0.849366
809,0.52618873,0.6673186,0.65405655,0.6854409,0.67227185,-0.6464229,0.66023856,0.72207916
810,0.16803712,0.97842014,0.8874797,0.9056972,0.9539784,-0.90176797,0.7643114,0.93967664
811,0.2582925,0.8298816,0.78399616,0.85102344,0.8668038,-0.85769045,0.6988658,0.9303158
812,0.36421973,0.770937,0.77391416,0.87388223,0.77810687,-0.787836,0.787575,0.81116045
813,0.190548,0.65246177,0.69992197,0.6757194,0.539073,-0.7217525,0.49417615,0.6241825
814,0.6111556,0.60852885,0.5655869,0.62531567,0.5350156,-0.6184362,0.48933685,0.5301334
815,0.57756585,0.748172,0.60086703,0.6647073,0.78292024,-0.73107547,0.61851233,0.74690837
816,-0.059679367,0.78122485,0.6610224,0.7807256,0.6946388,-0.8274463,0.6129398,0.87597054
817,0.20835896,0.63824147,0.64264625,0.7435562,0.6226673,-0.6956526,0.58674216,0.7133264
818,0.3741313,0.6577323,0.6306043,0.70790356,0.52869916,-0.7394366,0.67045677,0.74683595
819,0.7432196,0.7954469,0.8362429,0.7713397,0.70411545,-0.7724416,0.7716255,0.81053185
820,0.3002781,0.6659621,0.52624303,0.5656541,0.5575571,-0.6775146,0.6865671,0.6295074
821,0.76347935,0.6454197,0.6549287,0.7454394,0.8733778,-0.6972573,0.8194237,0.7537167
822,0.3101715,0.589228,0.5540885,0.5548629,0.57777834,-0.6751344,0.57805806,0.55724996
823,0.74158424,0.73214614,0.80124015,0.71589667,0.68389624,-0.7352159,0.6168942,0.73623323
824,0.0555308,0.5816871,0.50638753,0.49518028,0.41112378,-0.5624709,0.58623075,0.5727118
825,0.5429303,0.73152226,0.6754106,0.866702,0.77908593,-0.8667136,0.49943173,0.9235367
826,0.5718458,0.65630835,0.7676375,0.78789777,0.73643935,-0.7888501,0.9041675,0.8255352
827,0.2120623,0.6652036,0.59730524,0.5875007,0.5934438,-0.67078,0.6864759,0.6512112
828,0.6166601,0.63880616,0.5386085,0.5304168,0.4243296,-0.65022486,0.532086,0.7144531
829,0.6798043,0.6188081,0.652117,0.56952316,0.648489,-0.58193743,0.54000723,0.63434553
830,0.7599528,0.7174511,0.6801959,0.68256676,0.65057456,-0.5155161,0.8425127,0.6605118
831,0.86196214,0.6509584,0.5905005,0.6602928,0.6822315,-0.5312455,0.6293621,0.64379597
832,-0.1272454,0.57115,0.52313775,0.7358928,0.54062724,-0.6221917,0.37103224,0.7019142
833,0.69855344,0.6138812,0.6023534,0.39412746,0.5819398,-0.64433146,0.4652044,0.6697818
834,0.33690837,0.76745,0.67237717,0.7070842,0.6783865,-0.7474847,0.6327678,0.6947833
835,0.7694397,0.7716208,0.6738956,0.732743,0.7279053,-0.7429341,0.7372089,0.6433158
836,0.9184755,0.6004738,0.693393,0.5079202,0.6896686,-0.63505983,0.7808548,0.5935705
837,0.44252598,0.6588719,0.60312545,0.5531108,0.6731307,-0.6316344,0.33111674,0.6659127
838,0.83447355,0.7112235,0.7381234,0.7140104,0.6268569,-0.66400987,0.6868305,0.72995746
839,0.6103852,0.6236194,0.58070457,0.57688195,0.7416402,-0.66187334,0.4261388,0.6395915
840,0.8799337,0.7158848,0.79027873,0.6278691,0.642857,-0.6484985,0.74016654,0.706743
841,-0.12771711,0.8429503,0.7285912,0.8207426,0.61594087,-0.87855595,0.3527613,0.8200549
842,0.7423239,0.68120116,0.5973173,0.66812843,0.6586933,-0.6936056,0.65558225,0.70010805
843,0.3516838,0.43887088,0.584989,0.63735753,0.43225694,-0.6667812,0.38343805,0.63076466
844,0.8504635,0.5839418,0.48643768,0.62327456,0.63973147,-0.6123142,0.62034976,0.5083714
845,0.24272828,0.43971044,0.45582727,0.42558384,0.4443929,-0.5832015,0.5314526,0.5998805
846,0.74228483,0.70214015,0.6348597,0.8047053,0.6158996,-0.83181965,0.78315973,0.7624616
847,0.49925146,0.71519274,0.5136129,0.5575323,0.50553423,-0.51292455,0.5009693,0.67005086
848,0.768288,0.7314664,0.7664065,0.75609314,0.71520007,-0.7200243,0.831778,0.78391653
849,0.6552923,0.82651937,0.8413202,0.98650116,0.90089786,-0.8615579,0.7597686,0.9754642
850,0.6402573,0.8028056,0.7137586,0.7511652,0.8560213,-0.8036414,0.8580428,0.7004788
851,0.91726834,0.76819026,0.72418296,0.7807073,0.676092,-0.6970332,0.70301,0.79923683
852,0.4099049,0.7332376,0.6838755,0.76039124,0.6866023,-0.8701282,0.6017533,0.77635616
853,0.06508146,0.60454434,0.6030026,0.73589206,0.52671343,-0.5415818,0.56384355,0.65502524
854,0.8713377,0.53970605,0.56769264,0.51265204,0.4781214,-0.59280956,0.60290325,0.67955714
855,0.46907043,0.57716054,0.531339,0.46133706,0.4548431,-0.48337522,0.54838693,0.5352929
856,0.04188237,0.7783515,0.59124124,0.6659193,0.547796,-0.7385393,0.46964228,0.7691899
857,0.2071357,0.7351522,0.6015265,0.7585605,0.6142609,-0.63548803,0.54212916,0.778725
858,0.45452023,0.6739448,0.51557577,0.54254836,0.57741314,-0.67017007,0.5618165,0.6841978
859,0.66237074,0.62489337,0.74242985,0.7613512,0.79191417,-0.6160891,0.72874546,0.6355033
860,0.65113723,0.6388631,0.6760585,0.5745265,0.59503686,-0.55713636,0.51089543,0.6542004
861,0.5942417,0.7385941,0.6934187,0.6980318,0.67810804,-0.7282336,0.6826424,0.771742
862,0.66232914,0.7815721,0.8726375,0.74875814,0.8819778,-0.89253104,0.64757913,0.8016863
863,-0.040051416,0.74235517,0.7235089,0.7009519,0.5771257,-0.7793783,0.43864045,0.804071
864,0.51674896,0.90631855,0.6601703,0.86515087,0.74528795,-0.7821717,0.59592825,0.87697244
865,0.14299062,0.5764613,0.54416984,0.41495726,0.3990826,-0.44686186,0.40929845,0.46199027
866,0.6011595,0.5609373,0.42322618,0.42357498,0.4331442,-0.42748454,0.5382263,0.43349993
867,0.79798675,0.7183221,0.81907874,0.66380095,0.59748703,-0.7799551,0.76936877,0.70777076
868,0.6646972,0.6032675,0.72377634,0.40092108,0.37178004,-0.6499409,0.5252312,0.55626476
869,0.38599437,0.5990924,0.5492485,0.4797915,0.53028125,-0.68476194,0.6116834,0.6449912
870,0.9110444,0.5124356,0.6960997,0.60364443,0.69260526,-0.554966,0.54680824,0.65492666
871,0.47543126,0.7542087,0.6655145,0.6466881,0.62995476,-0.6998399,0.67171335,0.6090553
872,0.36497816,0.749217,0.64065677,0.8402136,0.76964325,-0.7551537,0.53281987,0.7038964
873,0.25501958,0.56051123,0.6042343,0.55778897,0.574982,-0.57584834,0.6298001,0.62613785
874,0.5483102,0.69008017,0.635765,0.5920445,0.64837223,-0.62007314,0.6271461,0.6078079
875,0.9499195,0.6660762,0.73167753,0.6406813,0.6636496,-0.7158677,0.7633899,0.68755347
876,0.8033508,0.7555992,0.69210726,0.70260257,0.7076062,-0.76020175,0.7226538,0.7082019
877,0.87426406,0.63467413,0.7221255,0.67697376,0.5629284,-0.6967061,0.692324,0.63692194
878,0.7241772,0.6027429,0.5922611,0.58226115,0.5582239,-0.501545,0.6058574,0.49350405
879,0.626307,0.6892415,0.69459206,0.7199811,0.7033116,-0.7790956,0.6706869,0.6796906
880,0.62076765,0.72877246,0.8020862,0.7029099,0.6505977,-0.728868,0.6554508,0.8111336
881,0.6649502,0.5510507,0.58569753,0.6264226,0.7256058,-0.6607583,0.72397923,0.6786986
882,0.8225764,0.63941574,0.64145756,0.72842014,0.73579323,-0.8156279,0.8427553,0.8154652
883,0.8103879,0.714294,0.81722015,0.6474846,0.6019096,-0.7978385,0.64274484,0.7170957
884,0.83694124,0.5697954,0.605129,0.65359503,0.51272047,-0.6066798,0.6371043,0.6461799
885,0.49752715,0.6092173,0.68459886,0.7135731,0.6686334,-0.6074236,0.5592286,0.5901042
886,0.6176391,0.6699008,0.6971843,0.6535868,0.7188178,-0.72636986,0.6385992,0.5773017
887,0.710327,0.68659157,0.8168739,0.79522926,0.767028,-0.73807424,0.6839177,0.82417566
888,0.64569616,0.8582123,0.791687,0.78835005,0.72618335,-0.77290636,0.695515,0.86992466
889,0.6997774,0.61779946,0.67479324,0.66070306,0.68657464,-0.6144147,0.6163154,0.6573302
890,0.79598343,0.8407645,0.6352563,0.6119183,0.6431178,-0.7354582,0.7221401,0.6517462
891,0.6425055,0.79316944,0.7729049,0.8274278,0.8678752,-0.8891201,0.6722444,0.77545935
892,0.8902548,0.7204163,0.72367865,0.65134263,0.75379044,-0.702875,0.859356,0.68043816
893,0.67311025,0.67677164,0.7078128,0.7628471,0.7058008,-0.6192144,0.5683195,0.72769064
894,0.8256954,0.67090464,0.7443722,0.7198937,0.4678542,-0.8185754,0.602744,0.69198114
895,0.62942785,0.7116321,0.7221704,0.71978796,0.7387646,-0.73384064,0.7327748,0.7195887
896,0.78854096,0.5791174,0.5692366,0.5281624,0.57860327,-0.586685,0.5422169,0.6194089
897,0.59938496,0.6967531,0.79008067,0.7365349,0.7803192,-0.7980456,0.6347138,0.84059185
898,0.18074962,0.7536836,0.5227502,0.653971,0.5199525,-0.6561549,0.5669874,0.7540721
899,0.67466754,0.63942266,0.5627212,0.68697417,0.65063715,-0.6898672,0.5899681,0.65332025
900,0.31561038,0.4062182,0.5139567,0.48240185,0.4966233,-0.41424784,0.364811,0.45464948
901,0.8670721,0.67544883,0.7267049,0.75768775,0.8944343,-0.7248389,0.6946911,0.6823504
902,0.74414617,0.62912923,0.5301085,0.5864195,0.5142871,-0.64901507,0.604413,0.55896705
903,0.82472867,0.6249068,0.7369288,0.65785927,0.65700626,-0.7333865,0.7074843,0.7170989
904,0.68753296,0.6755574,0.59352595,0.73984057,0.7349037,-0.6892187,0.68885666,0.7145228
905,0.3660427,0.5773394,0.52765095,0.6711907,0.6523501,-0.57510936,0.4919462,0.64040214
906,0.5958613,0.6583729,0.8005498,0.6422397,0.6921791,-0.72057366,0.58415264,0.6899746
907,0.70130205,0.8005137,0.8814328,1.0398984,1.019057,-0.85078764,0.56128407,0.97162116
908,0.8448254,0.49227962,0.6082885,0.5027949,0.61297804,-0.55293643,0.5427134,0.5088565
909,0.50038207,0.78609884,0.6678033,0.75573677,0.7251544,-0.8100207,0.78386277,0.9109604
910,0.7144136,0.59693223,0.46745417,0.6265562,0.60995436,-0.49201435,0.5458306,0.5779173
911,0.8096028,0.6362445,0.70148313,0.6087185,0.61866766,-0.6715236,0.6474786,0.6592849
912,0.68608433,0.5584198,0.6607834,0.6088233,0.63127464,-0.6030018,0.6607117,0.5386503
913,0.72891784,0.6463695,0.6440225,0.529156,0.5345934,-0.5882879,0.5992923,0.62174356
914,0.6531976,0.52852744,0.5373019,0.4989993,0.6291825,-0.58664083,0.6878907,0.6291163
915,0.32022262,0.6507054,0.56231695,0.59343106,0.581121,-0.5625939,0.5710972,0.50293374
916,0.9042864,0.52009314,0.7153884,0.57227373,0.6074447,-0.6035865,0.6428265,0.65904903
917,0.5796829,0.63892484,0.69640833,0.665485,0.7052062,-0.684336,0.6201855,0.61691225
918,0.8421375,0.4472154,0.65226984,0.48658332,0.53610504,-0.5310907,0.6657793,0.5849658
919,0.565744,0.6838228,0.6515494,0.7312558,0.7227728,-0.7045859,0.4843942,0.7294825
920,-0.029621204,0.6759642,0.49549896,0.509093,0.5294194,-0.6369651,0.5671059,0.55700016
921,0.38016298,0.6508204,0.5728565,0.77416915,0.6964872,-0.60985345,0.489801,0.70910287
922,0.57732385,0.55635875,0.66349006,0.6443515,0.7141072,-0.6059785,0.63631856,0.60655683
923,0.6040677,0.84929764,0.8858645,0.87240255,0.686564,-0.8295858,0.8199652,0.82456696
924,0.89314884,0.5782916,0.6733023,0.56074864,0.70837396,-0.67333853,0.6532278,0.50670296
925,0.084072776,0.738439,0.59975314,0.6418325,0.59376407,-0.68230253,0.38285506,0.83378464
926,0.4893163,0.6911904,0.48645347,0.62430054,0.6332947,-0.5896337,0.6337872,0.6646634
927,0.5849789,0.74855685,0.7633319,0.9126271,0.82652915,-0.7912043,0.68248117,0.71507037
928,0.514475,0.79404205,0.79379994,0.8930334,0.80079275,-0.8147193,0.72380215,0.7622117
929,0.6126173,0.63801104,0.5760165,0.5491441,0.5120507,-0.62206113,0.63099545,0.6061538
930,0.4190245,0.40257117,0.61264294,0.5251779,0.63300526,-0.5170562,0.45377624,0.56787723
931,0.3618428,0.79786146,0.67931724,0.66448164,0.6891292,-0.76135343,0.56022745,0.7288837
932,0.9646188,0.6685721,0.7471411,0.5616259,0.64973855,-0.7132564,0.8563332,0.662232
933,0.5396459,0.59360766,0.46128651,0.39523458,0.46256992,-0.555287,0.48243383,0.485234
934,0.7444738,0.64178264,0.6337514,0.6637891,0.5738303,-0.6316473,0.77476007,0.73888093
935,0.41608566,0.6895512,0.68265253,0.8583844,0.6737502,-0.64102703,0.5686815,0.6740765
936,1.0947356,0.74686587,0.8504203,0.6924373,0.7461507,-0.6885506,0.69185644,0.70945024
937,0.71534425,0.6746479,0.588801,0.5345681,0.65496325,-0.58043003,0.50650275,0.46533653
938,0.69739586,0.6550149,0.62673074,0.7305074,0.70733166,-0.653267,0.5972678,0.6609965
939,0.8794953,0.8701125,0.9276077,0.9040812,0.90259016,-0.88553697,0.83915424,0.869257
940,0.47309145,0.6806403,0.5433484,0.5765758,0.6283387,-0.6420676,0.61044675,0.72100747
941,0.43266422,0.7802555,0.67814016,0.7180343,0.7265166,-0.627717,0.6149437,0.5508624
942,0.6668144,0.78428096,0.68226844,0.7461683,0.7135562,-0.6757034,0.7437595,0.73885685
943,0.51117945,0.7888257,0.690598,0.73452735,0.59502643,-0.7955086,0.43621835,0.7334743
